dev_esp32,timestamp,altitude,latitude,longitude,journey_id,synthetic
esp32_device_001,2025-10-09T14:08:29+13:00,27.7,-36.604534,174.802765,1,False
esp32_device_001,2025-10-09T14:08:34+13:00,27.7,-36.60458,174.802689,1,False
esp32_device_001,2025-10-09T14:08:34.151515+13:00,27.7,-36.604843,174.802839,1,True
esp32_device_001,2025-10-09T14:08:34.303030+13:00,27.7,-36.605178,174.803024,1,True
esp32_device_001,2025-10-09T14:08:34.454545+13:00,27.7,-36.605565,174.803221,1,True
esp32_device_001,2025-10-09T14:08:34.606061+13:00,27.7,-36.605855,174.803361,1,True
esp32_device_001,2025-10-09T14:08:34.757576+13:00,27.7,-36.606157,174.803506,1,True
esp32_device_001,2025-10-09T14:08:34.909091+13:00,27.7,-36.606331,174.803588,1,True
esp32_device_001,2025-10-09T14:08:35.060606+13:00,27.7,-36.606455,174.803644,1,True
esp32_device_001,2025-10-09T14:08:35.212121+13:00,27.7,-36.606546,174.803675,1,True
esp32_device_001,2025-10-09T14:08:35.363636+13:00,27.7,-36.606627,174.803697,1,True
esp32_device_001,2025-10-09T14:08:35.515152+13:00,27.7,-36.606615,174.803798,1,True
esp32_device_001,2025-10-09T14:08:35.666667+13:00,27.7,-36.606554,174.804331,1,True
esp32_device_001,2025-10-09T14:08:35.818182+13:00,27.7,-36.606529,174.804412,1,True
esp32_device_001,2025-10-09T14:08:35.969697+13:00,27.7,-36.606493,174.804479,1,True
esp32_device_001,2025-10-09T14:08:36.121212+13:00,27.7,-36.606239,174.804767,1,True
esp32_device_001,2025-10-09T14:08:36.272727+13:00,27.7,-36.606181,174.804830,1,True
esp32_device_001,2025-10-09T14:08:36.424242+13:00,27.7,-36.606104,174.804920,1,True
esp32_device_001,2025-10-09T14:08:36.575758+13:00,27.7,-36.606181,174.804830,1,True
esp32_device_001,2025-10-09T14:08:36.727273+13:00,27.7,-36.606239,174.804767,1,True
esp32_device_001,2025-10-09T14:08:36.878788+13:00,27.7,-36.606493,174.804479,1,True
esp32_device_001,2025-10-09T14:08:37.030303+13:00,27.7,-36.606529,174.804412,1,True
esp32_device_001,2025-10-09T14:08:37.181818+13:00,27.7,-36.606554,174.804331,1,True
esp32_device_001,2025-10-09T14:08:37.333333+13:00,27.7,-36.606615,174.803798,1,True
esp32_device_001,2025-10-09T14:08:37.484848+13:00,27.7,-36.606627,174.803697,1,True
esp32_device_001,2025-10-09T14:08:37.636364+13:00,27.7,-36.606546,174.803675,1,True
esp32_device_001,2025-10-09T14:08:37.787879+13:00,27.7,-36.606455,174.803644,1,True
esp32_device_001,2025-10-09T14:08:37.939394+13:00,27.7,-36.606331,174.803588,1,True
esp32_device_001,2025-10-09T14:08:38.090909+13:00,27.7,-36.606157,174.803506,1,True
esp32_device_001,2025-10-09T14:08:38.242424+13:00,27.7,-36.605855,174.803361,1,True
esp32_device_001,2025-10-09T14:08:38.393939+13:00,27.7,-36.605565,174.803221,1,True
esp32_device_001,2025-10-09T14:08:38.545455+13:00,27.7,-36.605178,174.803024,1,True
esp32_device_001,2025-10-09T14:08:38.696970+13:00,27.7,-36.604843,174.802839,1,True
esp32_device_001,2025-10-09T14:08:38.848485+13:00,27.7,-36.604346,174.802540,1,True
esp32_device_001,2025-10-09T14:08:39+13:00,27.7,-36.604301,174.802475,1,False
esp32_device_001,2025-10-09T14:08:41.500000+13:00,27.7,-36.604083,174.802380,1,True
esp32_device_001,2025-10-09T14:08:44+13:00,27.7,-36.603939,174.802246,1,False
esp32_device_001,2025-10-09T14:08:45.250000+13:00,27.7,-36.603823,174.802199,1,True
esp32_device_001,2025-10-09T14:08:46.500000+13:00,27.7,-36.603814,174.802194,1,True
esp32_device_001,2025-10-09T14:08:47.750000+13:00,27.7,-36.603769,174.802171,1,True
esp32_device_001,2025-10-09T14:08:49+13:00,27.7,-36.603703,174.802078,1,False
esp32_device_001,2025-10-09T14:08:50.666667+13:00,27.7,-36.603662,174.802168,1,True
esp32_device_001,2025-10-09T14:08:52.333333+13:00,27.7,-36.603639,174.802077,1,True
esp32_device_001,2025-10-09T14:08:54+13:00,27.7,-36.603554,174.80159,1,False
esp32_device_001,2025-10-09T14:08:55.250000+13:00,27.7,-36.603446,174.801282,1,True
esp32_device_001,2025-10-09T14:08:56.500000+13:00,27.7,-36.603411,174.801140,1,True
esp32_device_001,2025-10-09T14:08:57.750000+13:00,27.7,-36.603379,174.801004,1,True
esp32_device_001,2025-10-09T14:08:59+13:00,27.7,-36.603378,174.800888,1,False
esp32_device_001,2025-10-09T14:09:01.500000+13:00,27.7,-36.603250,174.800456,1,True
esp32_device_001,2025-10-09T14:09:04+13:00,27.7,-36.60318,174.800125,1,False
esp32_device_001,2025-10-09T14:09:04.625000+13:00,27.7,-36.603160,174.800101,1,True
esp32_device_001,2025-10-09T14:09:05.250000+13:00,27.7,-36.603110,174.799895,1,True
esp32_device_001,2025-10-09T14:09:05.875000+13:00,27.7,-36.603092,174.799818,1,True
esp32_device_001,2025-10-09T14:09:06.500000+13:00,27.7,-36.603076,174.799733,1,True
esp32_device_001,2025-10-09T14:09:07.125000+13:00,27.7,-36.603065,174.799637,1,True
esp32_device_001,2025-10-09T14:09:07.750000+13:00,27.7,-36.603066,174.799538,1,True
esp32_device_001,2025-10-09T14:09:08.375000+13:00,27.7,-36.603082,174.799420,1,True
esp32_device_001,2025-10-09T14:09:09+13:00,27.7,-36.603111,174.799408,1,False
esp32_device_001,2025-10-09T14:09:10.250000+13:00,27.7,-36.603118,174.799312,1,True
esp32_device_001,2025-10-09T14:09:11.500000+13:00,27.7,-36.603165,174.799204,1,True
esp32_device_001,2025-10-09T14:09:12.750000+13:00,27.7,-36.603219,174.799100,1,True
esp32_device_001,2025-10-09T14:09:14+13:00,27.7,-36.603416,174.798767,1,False
esp32_device_001,2025-10-09T14:09:16.500000+13:00,27.7,-36.603456,174.798650,1,True
esp32_device_001,2025-10-09T14:09:19+13:00,27.7,-36.603786,174.79808,1,False
esp32_device_001,2025-10-09T14:09:20.666667+13:00,27.7,-36.603792,174.798029,1,True
esp32_device_001,2025-10-09T14:09:22.333333+13:00,27.7,-36.603838,174.797944,1,True
esp32_device_001,2025-10-09T14:09:24+13:00,27.7,-36.60416,174.797394,1,False
esp32_device_001,2025-10-09T14:09:26.500000+13:00,27.7,-36.604265,174.797153,1,True
esp32_device_001,2025-10-09T14:09:29+13:00,27.7,-36.604504,174.796753,1,False
esp32_device_001,2025-10-09T14:09:29.833333+13:00,27.7,-36.604561,174.796597,1,True
esp32_device_001,2025-10-09T14:09:30.666667+13:00,27.7,-36.604613,174.796482,1,True
esp32_device_001,2025-10-09T14:09:31.500000+13:00,27.7,-36.604641,174.796412,1,True
esp32_device_001,2025-10-09T14:09:32.333333+13:00,27.7,-36.604663,174.796340,1,True
esp32_device_001,2025-10-09T14:09:33.166667+13:00,27.7,-36.604700,174.796218,1,True
esp32_device_001,2025-10-09T14:09:34+13:00,27.7,-36.604755,174.796066,1,False
esp32_device_001,2025-10-09T14:09:35.666667+13:00,27.7,-36.604755,174.795973,1,True
esp32_device_001,2025-10-09T14:09:37.333333+13:00,27.7,-36.604846,174.795514,1,True
esp32_device_001,2025-10-09T14:09:39+13:00,27.7,-36.6049,174.795319,1,False
esp32_device_001,2025-10-09T14:09:41.500000+13:00,27.7,-36.604989,174.794807,1,True
esp32_device_001,2025-10-09T14:09:44+13:00,27.7,-36.605057,174.794586,1,False
esp32_device_001,2025-10-09T14:09:45.666667+13:00,27.7,-36.605161,174.793931,1,True
esp32_device_001,2025-10-09T14:09:47.333333+13:00,27.7,-36.605175,174.793832,1,True
esp32_device_001,2025-10-09T14:09:49+13:00,27.7,-36.605198,174.793808,1,False
esp32_device_001,2025-10-09T14:09:50+13:00,27.7,-36.605184,174.793754,1,True
esp32_device_001,2025-10-09T14:09:51+13:00,27.7,-36.605186,174.793658,1,True
esp32_device_001,2025-10-09T14:09:52+13:00,27.7,-36.605180,174.793563,1,True
esp32_device_001,2025-10-09T14:09:53+13:00,27.7,-36.605172,174.793455,1,True
esp32_device_001,2025-10-09T14:09:54+13:00,27.7,-36.605137,174.793015,1,False
esp32_device_001,2025-10-09T14:09:56.500000+13:00,27.7,-36.605117,174.792976,1,True
esp32_device_001,2025-10-09T14:09:59+13:00,27.7,-36.605049,174.792191,1,False
esp32_device_001,2025-10-09T14:10:01.500000+13:00,27.7,-36.604955,174.791624,1,True
esp32_device_001,2025-10-09T14:10:04+13:00,27.7,-36.604939,174.791336,1,False
esp32_device_001,2025-10-09T14:10:05.666667+13:00,27.7,-36.604893,174.791112,1,True
esp32_device_001,2025-10-09T14:10:07.333333+13:00,27.7,-36.604858,174.790656,1,True
esp32_device_001,2025-10-09T14:10:09+13:00,27.7,-36.604877,174.790527,1,False
esp32_device_001,2025-10-09T14:10:10.250000+13:00,27.7,-36.604861,174.790365,1,True
esp32_device_001,2025-10-09T14:10:11.500000+13:00,27.7,-36.604878,174.790160,1,True
esp32_device_001,2025-10-09T14:10:12.750000+13:00,27.7,-36.604900,174.789963,1,True
esp32_device_001,2025-10-09T14:10:14+13:00,27.7,-36.60495,174.789749,1,False
esp32_device_001,2025-10-09T14:10:16.500000+13:00,27.7,-36.604989,174.789355,1,True
esp32_device_001,2025-10-09T14:10:19+13:00,27.7,-36.605061,174.78894,1,False
esp32_device_001,2025-10-09T14:10:21.500000+13:00,27.7,-36.605073,174.788703,1,True
esp32_device_001,2025-10-09T14:10:24+13:00,27.7,-36.60516,174.788116,1,False
esp32_device_001,2025-10-09T14:10:29+13:00,27.7,-36.605267,174.787323,1,False
esp32_device_001,2025-10-09T14:10:30+13:00,27.7,-36.605279,174.787059,1,True
esp32_device_001,2025-10-09T14:10:31+13:00,27.7,-36.605316,174.786860,1,True
esp32_device_001,2025-10-09T14:10:32+13:00,27.7,-36.605344,174.786755,1,True
esp32_device_001,2025-10-09T14:10:33+13:00,27.7,-36.605379,174.786658,1,True
esp32_device_001,2025-10-09T14:10:34+13:00,27.7,-36.605434,174.786606,1,False
esp32_device_001,2025-10-09T14:10:34.833333+13:00,27.7,-36.605418,174.786562,1,True
esp32_device_001,2025-10-09T14:10:35.666667+13:00,27.7,-36.605463,174.786476,1,True
esp32_device_001,2025-10-09T14:10:36.500000+13:00,27.7,-36.605521,174.786380,1,True
esp32_device_001,2025-10-09T14:10:37.333333+13:00,27.7,-36.605587,174.786292,1,True
esp32_device_001,2025-10-09T14:10:38.166667+13:00,27.7,-36.605788,174.786079,1,True
esp32_device_001,2025-10-09T14:10:39+13:00,27.7,-36.605827,174.786072,1,False
esp32_device_001,2025-10-09T14:10:44+13:00,27.7,-36.606335,174.785629,1,False
esp32_device_001,2025-10-09T14:10:46.500000+13:00,27.7,-36.606576,174.785376,1,True
esp32_device_001,2025-10-09T14:10:49+13:00,27.7,-36.606831,174.785187,1,False
esp32_device_001,2025-10-09T14:10:51.500000+13:00,27.7,-36.606981,174.785015,1,True
esp32_device_001,2025-10-09T14:10:54+13:00,27.7,-36.607319,174.784744,1,False
esp32_device_001,2025-10-09T14:10:56.500000+13:00,27.7,-36.607484,174.784558,1,True
esp32_device_001,2025-10-09T14:10:59+13:00,27.7,-36.607861,174.784271,1,False
esp32_device_001,2025-10-09T14:11:01.500000+13:00,27.7,-36.608013,174.784081,1,True
esp32_device_001,2025-10-09T14:11:04+13:00,27.7,-36.608414,174.783768,1,False
esp32_device_001,2025-10-09T14:11:05.666667+13:00,27.7,-36.608449,174.783689,1,True
esp32_device_001,2025-10-09T14:11:07.333333+13:00,27.7,-36.608946,174.783241,1,True
esp32_device_001,2025-10-09T14:11:09+13:00,27.7,-36.60899,174.783249,1,False
esp32_device_001,2025-10-09T14:11:10.250000+13:00,27.7,-36.609180,174.783031,1,True
esp32_device_001,2025-10-09T14:11:11.500000+13:00,27.7,-36.609276,174.782917,1,True
esp32_device_001,2025-10-09T14:11:12.750000+13:00,27.7,-36.609367,174.782800,1,True
esp32_device_001,2025-10-09T14:11:14+13:00,27.7,-36.609463,174.7827,1,False
esp32_device_001,2025-10-09T14:11:14.833333+13:00,27.7,-36.609453,174.782670,1,True
esp32_device_001,2025-10-09T14:11:15.666667+13:00,27.7,-36.609536,174.782519,1,True
esp32_device_001,2025-10-09T14:11:16.500000+13:00,27.7,-36.609561,174.782467,1,True
esp32_device_001,2025-10-09T14:11:17.333333+13:00,27.7,-36.609606,174.782367,1,True
esp32_device_001,2025-10-09T14:11:18.166667+13:00,27.7,-36.609653,174.782248,1,True
esp32_device_001,2025-10-09T14:11:19+13:00,27.7,-36.609768,174.781982,1,False
esp32_device_001,2025-10-09T14:11:21.500000+13:00,27.7,-36.609917,174.781437,1,True
esp32_device_001,2025-10-09T14:11:24+13:00,27.7,-36.610027,174.781204,1,False
esp32_device_001,2025-10-09T14:11:24.833333+13:00,27.7,-36.610007,174.781160,1,True
esp32_device_001,2025-10-09T14:11:25.666667+13:00,27.7,-36.610061,174.781046,1,True
esp32_device_001,2025-10-09T14:11:26.500000+13:00,27.7,-36.610103,174.780963,1,True
esp32_device_001,2025-10-09T14:11:27.333333+13:00,27.7,-36.610280,174.780726,1,True
esp32_device_001,2025-10-09T14:11:28.166667+13:00,27.7,-36.610355,174.780651,1,True
esp32_device_001,2025-10-09T14:11:29+13:00,27.7,-36.610455,174.780624,1,False
esp32_device_001,2025-10-09T14:11:29.833333+13:00,27.7,-36.610519,174.780537,1,True
esp32_device_001,2025-10-09T14:11:30.666667+13:00,27.7,-36.610602,174.780488,1,True
esp32_device_001,2025-10-09T14:11:31.500000+13:00,27.7,-36.610775,174.780398,1,True
esp32_device_001,2025-10-09T14:11:32.333333+13:00,27.7,-36.610853,174.780359,1,True
esp32_device_001,2025-10-09T14:11:33.166667+13:00,27.7,-36.610932,174.780316,1,True
esp32_device_001,2025-10-09T14:11:34+13:00,27.7,-36.611008,174.780304,1,False
esp32_device_001,2025-10-09T14:11:35.250000+13:00,27.7,-36.611178,174.780210,1,True
esp32_device_001,2025-10-09T14:11:36.500000+13:00,27.7,-36.611301,174.780129,1,True
esp32_device_001,2025-10-09T14:11:37.750000+13:00,27.7,-36.611409,174.780034,1,True
esp32_device_001,2025-10-09T14:11:39+13:00,27.7,-36.611427,174.780014,1,False
esp32_device_001,2025-10-09T14:11:44+13:00,27.7,-36.611515,174.779907,1,False
esp32_device_001,2025-10-09T14:11:49+13:00,27.7,-36.611538,174.779861,1,False
esp32_device_001,2025-10-09T14:12:09+13:00,27.7,-36.611725,174.779678,1,False
esp32_device_001,2025-10-09T14:12:09.555556+13:00,27.7,-36.611758,174.779679,1,True
esp32_device_001,2025-10-09T14:12:10.111111+13:00,27.7,-36.611772,174.779654,1,True
esp32_device_001,2025-10-09T14:12:10.666667+13:00,27.7,-36.611778,174.779625,1,True
esp32_device_001,2025-10-09T14:12:11.222222+13:00,27.7,-36.611778,174.779593,1,True
esp32_device_001,2025-10-09T14:12:11.777778+13:00,27.7,-36.611773,174.779570,1,True
esp32_device_001,2025-10-09T14:12:12.333333+13:00,27.7,-36.611763,174.779550,1,True
esp32_device_001,2025-10-09T14:12:12.888889+13:00,27.7,-36.611761,174.779548,1,True
esp32_device_001,2025-10-09T14:12:13.444444+13:00,27.7,-36.611785,174.779398,1,True
esp32_device_001,2025-10-09T14:12:14+13:00,27.7,-36.611794,174.779312,1,False
esp32_device_001,2025-10-09T14:12:15.250000+13:00,27.7,-36.611847,174.779066,1,True
esp32_device_001,2025-10-09T14:12:16.500000+13:00,27.7,-36.611855,174.779023,1,True
esp32_device_001,2025-10-09T14:12:17.750000+13:00,27.7,-36.611880,174.778827,1,True
esp32_device_001,2025-10-09T14:12:19+13:00,27.7,-36.611923,174.778702,1,False
esp32_device_001,2025-10-09T14:12:20.250000+13:00,27.7,-36.611958,174.778444,1,True
esp32_device_001,2025-10-09T14:12:21.500000+13:00,27.7,-36.611996,174.778284,1,True
esp32_device_001,2025-10-09T14:12:22.750000+13:00,27.7,-36.612071,174.778024,1,True
esp32_device_001,2025-10-09T14:12:24+13:00,27.7,-36.61211,174.777969,1,False
esp32_device_001,2025-10-09T14:12:26.500000+13:00,27.7,-36.612162,174.777780,1,True
esp32_device_001,2025-10-09T14:12:29+13:00,27.7,-36.612415,174.777298,1,False
esp32_device_001,2025-10-09T14:12:34+13:00,27.7,-36.612747,174.776642,1,False
esp32_device_001,2025-10-09T14:12:36.500000+13:00,27.7,-36.612782,174.776527,1,True
esp32_device_001,2025-10-09T14:12:39+13:00,27.7,-36.613083,174.775986,1,False
esp32_device_001,2025-10-09T14:12:40+13:00,27.7,-36.613155,174.775781,1,True
esp32_device_001,2025-10-09T14:12:41+13:00,27.7,-36.613239,174.775635,1,True
esp32_device_001,2025-10-09T14:12:42+13:00,27.7,-36.613356,174.775474,1,True
esp32_device_001,2025-10-09T14:12:43+13:00,27.7,-36.613423,174.775400,1,True
esp32_device_001,2025-10-09T14:12:44+13:00,27.7,-36.61348,174.775391,1,False
esp32_device_001,2025-10-09T14:12:44.833333+13:00,27.7,-36.613517,174.775306,1,True
esp32_device_001,2025-10-09T14:12:45.666667+13:00,27.7,-36.613628,174.775212,1,True
esp32_device_001,2025-10-09T14:12:46.500000+13:00,27.7,-36.613761,174.775123,1,True
esp32_device_001,2025-10-09T14:12:47.333333+13:00,27.7,-36.613899,174.775046,1,True
esp32_device_001,2025-10-09T14:12:48.166667+13:00,27.7,-36.614041,174.774989,1,True
esp32_device_001,2025-10-09T14:12:49+13:00,27.7,-36.614056,174.775024,1,False
esp32_device_001,2025-10-09T14:12:50+13:00,27.7,-36.614184,174.774954,1,True
esp32_device_001,2025-10-09T14:12:51+13:00,27.7,-36.614311,174.774933,1,True
esp32_device_001,2025-10-09T14:12:52+13:00,27.7,-36.614417,174.774926,1,True
esp32_device_001,2025-10-09T14:12:53+13:00,27.7,-36.614610,174.774923,1,True
esp32_device_001,2025-10-09T14:12:54+13:00,27.7,-36.614723,174.774948,1,False
esp32_device_001,2025-10-09T14:12:55.250000+13:00,27.7,-36.615019,174.774918,1,True
esp32_device_001,2025-10-09T14:12:56.500000+13:00,27.7,-36.615163,174.774910,1,True
esp32_device_001,2025-10-09T14:12:57.750000+13:00,27.7,-36.615336,174.774877,1,True
esp32_device_001,2025-10-09T14:12:59+13:00,27.7,-36.615368,174.774887,1,False
esp32_device_001,2025-10-09T14:13:00+13:00,27.7,-36.615485,174.774830,1,True
esp32_device_001,2025-10-09T14:13:01+13:00,27.7,-36.615606,174.774776,1,True
esp32_device_001,2025-10-09T14:13:02+13:00,27.7,-36.615719,174.774716,1,True
esp32_device_001,2025-10-09T14:13:03+13:00,27.7,-36.615842,174.774633,1,True
esp32_device_001,2025-10-09T14:13:04+13:00,27.7,-36.615952,174.774582,1,False
esp32_device_001,2025-10-09T14:13:05.666667+13:00,27.7,-36.616039,174.774493,1,True
esp32_device_001,2025-10-09T14:13:07.333333+13:00,27.7,-36.616414,174.774233,1,True
esp32_device_001,2025-10-09T14:13:09+13:00,27.7,-36.616497,174.7742,1,False
esp32_device_001,2025-10-09T14:13:09.833333+13:00,27.7,-36.616554,174.774143,1,True
esp32_device_001,2025-10-09T14:13:10.666667+13:00,27.7,-36.616699,174.774066,1,True
esp32_device_001,2025-10-09T14:13:11.500000+13:00,27.7,-36.616804,174.774024,1,True
esp32_device_001,2025-10-09T14:13:12.333333+13:00,27.7,-36.616928,174.773988,1,True
esp32_device_001,2025-10-09T14:13:13.166667+13:00,27.7,-36.617045,174.773964,1,True
esp32_device_001,2025-10-09T14:13:14+13:00,27.7,-36.617107,174.773972,1,False
esp32_device_001,2025-10-09T14:13:15+13:00,27.7,-36.617160,174.773951,1,True
esp32_device_001,2025-10-09T14:13:16+13:00,27.7,-36.617234,174.773946,1,True
esp32_device_001,2025-10-09T14:13:17+13:00,27.7,-36.617366,174.773952,1,True
esp32_device_001,2025-10-09T14:13:18+13:00,27.7,-36.617671,174.773983,1,True
esp32_device_001,2025-10-09T14:13:19+13:00,27.7,-36.617748,174.773987,1,False
esp32_device_001,2025-10-09T14:13:20.666667+13:00,27.7,-36.617987,174.774004,1,True
esp32_device_001,2025-10-09T14:13:22.333333+13:00,27.7,-36.618180,174.774008,1,True
esp32_device_001,2025-10-09T14:13:24+13:00,27.7,-36.61837,174.774002,1,False
esp32_device_001,2025-10-09T14:13:26.500000+13:00,27.7,-36.618894,174.773968,1,True
esp32_device_001,2025-10-09T14:13:29+13:00,27.7,-36.618965,174.773956,1,False
esp32_device_001,2025-10-09T14:13:29.833333+13:00,27.7,-36.618985,174.773956,1,True
esp32_device_001,2025-10-09T14:13:30.666667+13:00,27.7,-36.619073,174.773934,1,True
esp32_device_001,2025-10-09T14:13:31.500000+13:00,27.7,-36.619161,174.773898,1,True
esp32_device_001,2025-10-09T14:13:32.333333+13:00,27.7,-36.619405,174.773801,1,True
esp32_device_001,2025-10-09T14:13:33.166667+13:00,27.7,-36.619495,174.773766,1,True
esp32_device_001,2025-10-09T14:13:34+13:00,27.7,-36.619518,174.773758,1,False
esp32_device_001,2025-10-09T14:13:35+13:00,27.7,-36.619588,174.773740,1,True
esp32_device_001,2025-10-09T14:13:36+13:00,27.7,-36.619731,174.773712,1,True
esp32_device_001,2025-10-09T14:13:37+13:00,27.7,-36.620102,174.773636,1,False
esp32_device_001,2025-10-09T14:13:39.500000+13:00,27.7,-36.620670,174.773536,1,True
esp32_device_001,2025-10-09T14:13:42+13:00,27.7,-36.620701,174.773529,1,False
esp32_device_001,2025-10-09T14:13:42.714286+13:00,27.7,-36.620753,174.773517,1,True
esp32_device_001,2025-10-09T14:13:43.428571+13:00,27.7,-36.620826,174.773486,1,True
esp32_device_001,2025-10-09T14:13:44.142857+13:00,27.7,-36.620901,174.773457,1,True
esp32_device_001,2025-10-09T14:13:44.857143+13:00,27.7,-36.620970,174.773416,1,True
esp32_device_001,2025-10-09T14:13:45.571429+13:00,27.7,-36.621040,174.773359,1,True
esp32_device_001,2025-10-09T14:13:46.285714+13:00,27.7,-36.621110,174.773291,1,True
esp32_device_001,2025-10-09T14:13:47+13:00,27.7,-36.621193,174.773193,1,False
esp32_device_001,2025-10-09T14:13:48.250000+13:00,27.7,-36.621224,174.773141,1,True
esp32_device_001,2025-10-09T14:13:49.500000+13:00,27.7,-36.621433,174.772781,1,True
esp32_device_001,2025-10-09T14:13:50.750000+13:00,27.7,-36.621503,174.772687,1,True
esp32_device_001,2025-10-09T14:13:52+13:00,27.7,-36.62159,174.772629,1,False
esp32_device_001,2025-10-09T14:13:53.666667+13:00,27.7,-36.621819,174.772336,1,True
esp32_device_001,2025-10-09T14:13:55.333333+13:00,27.7,-36.622053,174.772103,1,True
esp32_device_001,2025-10-09T14:13:57+13:00,27.7,-36.622059,174.772125,1,False
esp32_device_001,2025-10-09T14:13:57.147059+13:00,27.7,-36.622086,174.772148,1,True
esp32_device_001,2025-10-09T14:13:57.294118+13:00,27.7,-36.622154,174.772243,1,True
esp32_device_001,2025-10-09T14:13:57.441176+13:00,27.7,-36.622166,174.772254,1,True
esp32_device_001,2025-10-09T14:13:57.588235+13:00,27.7,-36.623756,174.773590,1,True
esp32_device_001,2025-10-09T14:13:57.735294+13:00,27.7,-36.623869,174.773661,1,True
esp32_device_001,2025-10-09T14:13:57.882353+13:00,27.7,-36.623888,174.773676,1,True
esp32_device_001,2025-10-09T14:13:58.029412+13:00,27.7,-36.623882,174.773697,1,True
esp32_device_001,2025-10-09T14:13:58.176471+13:00,27.7,-36.623840,174.773885,1,True
esp32_device_001,2025-10-09T14:13:58.323529+13:00,27.7,-36.623803,174.774050,1,True
esp32_device_001,2025-10-09T14:13:58.470588+13:00,27.7,-36.623724,174.774449,1,True
esp32_device_001,2025-10-09T14:13:58.617647+13:00,27.7,-36.623610,174.775071,1,True
esp32_device_001,2025-10-09T14:13:58.764706+13:00,27.7,-36.623585,174.775207,1,True
esp32_device_001,2025-10-09T14:13:58.911765+13:00,27.7,-36.623561,174.775204,1,True
esp32_device_001,2025-10-09T14:13:59.058824+13:00,27.7,-36.623533,174.775201,1,True
esp32_device_001,2025-10-09T14:13:59.205882+13:00,27.7,-36.623300,174.775175,1,True
esp32_device_001,2025-10-09T14:13:59.352941+13:00,27.7,-36.623131,174.775155,1,True
esp32_device_001,2025-10-09T14:13:59.500000+13:00,27.7,-36.623036,174.775134,1,True
esp32_device_001,2025-10-09T14:13:59.647059+13:00,27.7,-36.622868,174.775015,1,True
esp32_device_001,2025-10-09T14:13:59.794118+13:00,27.7,-36.622769,174.774936,1,True
esp32_device_001,2025-10-09T14:13:59.941176+13:00,27.7,-36.622690,174.774856,1,True
esp32_device_001,2025-10-09T14:14:00.088235+13:00,27.7,-36.622653,174.774795,1,True
esp32_device_001,2025-10-09T14:14:00.235294+13:00,27.7,-36.622367,174.774156,1,True
esp32_device_001,2025-10-09T14:14:00.382353+13:00,27.7,-36.622328,174.774087,1,True
esp32_device_001,2025-10-09T14:14:00.529412+13:00,27.7,-36.622271,174.774028,1,True
esp32_device_001,2025-10-09T14:14:00.676471+13:00,27.7,-36.621325,174.773226,1,True
esp32_device_001,2025-10-09T14:14:00.823529+13:00,27.7,-36.621277,174.773186,1,True
esp32_device_001,2025-10-09T14:14:00.970588+13:00,27.7,-36.621224,174.773141,1,True
esp32_device_001,2025-10-09T14:14:01.117647+13:00,27.7,-36.621433,174.772781,1,True
esp32_device_001,2025-10-09T14:14:01.264706+13:00,27.7,-36.621503,174.772687,1,True
esp32_device_001,2025-10-09T14:14:01.411765+13:00,27.7,-36.621576,174.772596,1,True
esp32_device_001,2025-10-09T14:14:01.558824+13:00,27.7,-36.621819,174.772336,1,True
esp32_device_001,2025-10-09T14:14:01.705882+13:00,27.7,-36.622053,174.772103,1,True
esp32_device_001,2025-10-09T14:14:01.852941+13:00,27.7,-36.622362,174.771785,1,True
esp32_device_001,2025-10-09T14:14:02+13:00,27.7,-36.622532,174.771652,1,False
esp32_device_001,2025-10-09T14:14:03.666667+13:00,27.7,-36.622616,174.771523,1,True
esp32_device_001,2025-10-09T14:14:05.333333+13:00,27.7,-36.622951,174.771178,1,True
esp32_device_001,2025-10-09T14:14:07+13:00,27.7,-36.623009,174.771149,1,False
esp32_device_001,2025-10-09T14:14:09.500000+13:00,27.7,-36.623134,174.770989,1,True
esp32_device_001,2025-10-09T14:14:12+13:00,27.7,-36.623493,174.770645,1,False
esp32_device_001,2025-10-09T14:14:14.500000+13:00,27.7,-36.623832,174.770272,1,True
esp32_device_001,2025-10-09T14:14:17+13:00,27.7,-36.623974,174.770157,1,False
esp32_device_001,2025-10-09T14:14:17.833333+13:00,27.7,-36.624027,174.770074,1,True
esp32_device_001,2025-10-09T14:14:18.666667+13:00,27.7,-36.624125,174.769982,1,True
esp32_device_001,2025-10-09T14:14:19.500000+13:00,27.7,-36.624228,174.769903,1,True
esp32_device_001,2025-10-09T14:14:20.333333+13:00,27.7,-36.624354,174.769851,1,True
esp32_device_001,2025-10-09T14:14:21.166667+13:00,27.7,-36.624457,174.769823,1,True
esp32_device_001,2025-10-09T14:14:22+13:00,27.7,-36.624535,174.769821,1,False
esp32_device_001,2025-10-09T14:14:24.500000+13:00,27.7,-36.625017,174.769697,1,True
esp32_device_001,2025-10-09T14:14:27+13:00,27.7,-36.625156,174.769684,1,False
esp32_device_001,2025-10-09T14:14:32+13:00,27.7,-36.625778,174.769531,1,False
esp32_device_001,2025-10-09T14:14:37+13:00,27.7,-36.626423,174.769379,1,False
esp32_device_001,2025-10-09T14:14:38.250000+13:00,27.7,-36.626606,174.769328,1,True
esp32_device_001,2025-10-09T14:14:39.500000+13:00,27.7,-36.626692,174.769309,1,True
esp32_device_001,2025-10-09T14:14:40.750000+13:00,27.7,-36.626872,174.769283,1,True
esp32_device_001,2025-10-09T14:14:42+13:00,27.7,-36.627075,174.769272,1,False
esp32_device_001,2025-10-09T14:14:43.250000+13:00,27.7,-36.627142,174.769252,1,True
esp32_device_001,2025-10-09T14:14:44.500000+13:00,27.7,-36.627409,174.769221,1,True
esp32_device_001,2025-10-09T14:14:45.750000+13:00,27.7,-36.627673,174.769186,1,True
esp32_device_001,2025-10-09T14:14:47+13:00,27.7,-36.627712,174.769196,1,False
esp32_device_001,2025-10-09T14:14:47.833333+13:00,27.7,-36.627775,174.769163,1,True
esp32_device_001,2025-10-09T14:14:48.666667+13:00,27.7,-36.627874,174.769128,1,True
esp32_device_001,2025-10-09T14:14:49.500000+13:00,27.7,-36.627971,174.769079,1,True
esp32_device_001,2025-10-09T14:14:50.333333+13:00,27.7,-36.628126,174.768961,1,True
esp32_device_001,2025-10-09T14:14:51.166667+13:00,27.7,-36.628163,174.768905,1,True
esp32_device_001,2025-10-09T14:14:52+13:00,27.7,-36.628227,174.768829,1,False
esp32_device_001,2025-10-09T14:14:53.250000+13:00,27.7,-36.628263,174.768724,1,True
esp32_device_001,2025-10-09T14:14:54.500000+13:00,27.7,-36.628344,174.768510,1,True
esp32_device_001,2025-10-09T14:14:55.750000+13:00,27.7,-36.628416,174.768315,1,True
esp32_device_001,2025-10-09T14:14:57+13:00,27.7,-36.628517,174.768127,1,False
esp32_device_001,2025-10-09T14:14:58+13:00,27.7,-36.628566,174.768005,1,True
esp32_device_001,2025-10-09T14:14:59+13:00,27.7,-36.628638,174.767915,1,True
esp32_device_001,2025-10-09T14:15:00+13:00,27.7,-36.628722,174.767836,1,True
esp32_device_001,2025-10-09T14:15:01+13:00,27.7,-36.628861,174.767741,1,True
esp32_device_001,2025-10-09T14:15:02+13:00,27.7,-36.629028,174.767654,1,False
esp32_device_001,2025-10-09T14:15:04.500000+13:00,27.7,-36.629496,174.767338,1,True
esp32_device_001,2025-10-09T14:15:07+13:00,27.7,-36.629608,174.767273,1,False
esp32_device_001,2025-10-09T14:15:07.833333+13:00,27.7,-36.629632,174.767235,1,True
esp32_device_001,2025-10-09T14:15:08.666667+13:00,27.7,-36.629712,174.767156,1,True
esp32_device_001,2025-10-09T14:15:09.500000+13:00,27.7,-36.629783,174.767073,1,True
esp32_device_001,2025-10-09T14:15:10.333333+13:00,27.7,-36.629859,174.766949,1,True
esp32_device_001,2025-10-09T14:15:11.166667+13:00,27.7,-36.629914,174.766835,1,True
esp32_device_001,2025-10-09T14:15:12+13:00,27.7,-36.62999,174.766678,1,False
esp32_device_001,2025-10-09T14:15:13.250000+13:00,27.7,-36.629978,174.766648,1,True
esp32_device_001,2025-10-09T14:15:14.500000+13:00,27.7,-36.630032,174.766469,1,True
esp32_device_001,2025-10-09T14:15:15.750000+13:00,27.7,-36.630039,174.766448,1,True
esp32_device_001,2025-10-09T14:15:17+13:00,27.7,-36.630207,174.765961,1,False
esp32_device_001,2025-10-09T14:15:18.250000+13:00,27.7,-36.630208,174.765890,1,True
esp32_device_001,2025-10-09T14:15:19.500000+13:00,27.7,-36.630292,174.765650,1,True
esp32_device_001,2025-10-09T14:15:20.750000+13:00,27.7,-36.630399,174.765408,1,True
esp32_device_001,2025-10-09T14:15:22+13:00,27.7,-36.630478,174.765259,1,False
esp32_device_001,2025-10-09T14:15:27+13:00,27.7,-36.630795,174.764587,1,False
esp32_device_001,2025-10-09T14:15:29.500000+13:00,27.7,-36.630910,174.764276,1,True
esp32_device_001,2025-10-09T14:15:32+13:00,27.7,-36.631065,174.764114,1,False
esp32_device_001,2025-10-09T14:15:32.714286+13:00,27.7,-36.631059,174.764076,1,True
esp32_device_001,2025-10-09T14:15:33.428571+13:00,27.7,-36.631129,174.763999,1,True
esp32_device_001,2025-10-09T14:15:34.142857+13:00,27.7,-36.631158,174.763989,1,True
esp32_device_001,2025-10-09T14:15:34.857143+13:00,27.7,-36.631183,174.763967,1,True
esp32_device_001,2025-10-09T14:15:35.571429+13:00,27.7,-36.631303,174.763907,1,True
esp32_device_001,2025-10-09T14:15:36.285714+13:00,27.7,-36.631327,174.763895,1,True
esp32_device_001,2025-10-09T14:15:37+13:00,27.7,-36.631393,174.76387,1,False
esp32_device_001,2025-10-09T14:15:38.666667+13:00,27.7,-36.631510,174.763791,1,True
esp32_device_001,2025-10-09T14:15:40.333333+13:00,27.7,-36.631801,174.763758,1,True
esp32_device_001,2025-10-09T14:15:42+13:00,27.7,-36.631866,174.763763,1,False
esp32_device_001,2025-10-09T14:15:43.666667+13:00,27.7,-36.632107,174.763723,1,True
esp32_device_001,2025-10-09T14:15:45.333333+13:00,27.7,-36.632136,174.763720,1,True
esp32_device_001,2025-10-09T14:15:47+13:00,27.7,-36.632408,174.763687,1,False
esp32_device_001,2025-10-09T14:15:49.500000+13:00,27.7,-36.632644,174.763665,1,True
esp32_device_001,2025-10-09T14:15:52+13:00,27.7,-36.63298,174.763626,1,False
esp32_device_001,2025-10-09T14:15:57+13:00,27.7,-36.633629,174.76355,1,False
esp32_device_001,2025-10-09T14:15:58.666667+13:00,27.7,-36.633681,174.763542,1,True
esp32_device_001,2025-10-09T14:16:00.333333+13:00,27.7,-36.634149,174.763464,1,True
esp32_device_001,2025-10-09T14:16:02+13:00,27.7,-36.634277,174.763443,1,False
esp32_device_001,2025-10-09T14:16:03.666667+13:00,27.7,-36.634709,174.763371,1,True
esp32_device_001,2025-10-09T14:16:05.333333+13:00,27.7,-36.634886,174.763306,1,True
esp32_device_001,2025-10-09T14:16:07+13:00,27.7,-36.634895,174.76329,1,False
esp32_device_001,2025-10-09T14:16:08.666667+13:00,27.7,-36.635056,174.763193,1,True
esp32_device_001,2025-10-09T14:16:10.333333+13:00,27.7,-36.635274,174.762977,1,True
esp32_device_001,2025-10-09T14:16:12+13:00,27.7,-36.635414,174.762863,1,False
esp32_device_001,2025-10-09T14:16:14.500000+13:00,27.7,-36.635620,174.762693,1,True
esp32_device_001,2025-10-09T14:16:17+13:00,27.7,-36.635979,174.762436,1,False
esp32_device_001,2025-10-09T14:16:18.666667+13:00,27.7,-36.636167,174.762302,1,True
esp32_device_001,2025-10-09T14:16:20.333333+13:00,27.7,-36.636547,174.762030,1,True
esp32_device_001,2025-10-09T14:16:22+13:00,27.7,-36.636562,174.762024,1,False
esp32_device_001,2025-10-09T14:16:27+13:00,27.7,-36.637173,174.761581,1,False
esp32_device_001,2025-10-09T14:16:28.250000+13:00,27.7,-36.637208,174.761532,1,True
esp32_device_001,2025-10-09T14:16:29.500000+13:00,27.7,-36.637412,174.761384,1,True
esp32_device_001,2025-10-09T14:16:30.750000+13:00,27.7,-36.637647,174.761152,1,True
esp32_device_001,2025-10-09T14:16:32+13:00,27.7,-36.63768,174.761124,1,False
esp32_device_001,2025-10-09T14:16:37+13:00,27.7,-36.638062,174.760498,1,False
esp32_device_001,2025-10-09T14:16:39.500000+13:00,27.7,-36.638161,174.760278,1,True
esp32_device_001,2025-10-09T14:16:42+13:00,27.7,-36.63847,174.759827,1,False
esp32_device_001,2025-10-09T14:16:44.500000+13:00,27.7,-36.638627,174.759486,1,True
esp32_device_001,2025-10-09T14:16:47+13:00,27.7,-36.638859,174.75914,1,False
esp32_device_001,2025-10-09T14:16:48.250000+13:00,27.6,-36.638994,174.758844,1,True
esp32_device_001,2025-10-09T14:16:49.500000+13:00,27.5,-36.639159,174.758596,1,True
esp32_device_001,2025-10-09T14:16:50.750000+13:00,27.4,-36.639233,174.758502,1,True
esp32_device_001,2025-10-09T14:16:52+13:00,27.3,-36.639278,174.758514,1,False
esp32_device_001,2025-10-09T14:16:53.250000+13:00,28.4,-36.639322,174.758412,1,True
esp32_device_001,2025-10-09T14:16:54.500000+13:00,29.6,-36.639764,174.758133,1,True
esp32_device_001,2025-10-09T14:16:55.750000+13:00,30.7,-36.639826,174.758091,1,True
esp32_device_001,2025-10-09T14:16:57+13:00,31.8,-36.639858,174.758087,1,False
esp32_device_001,2025-10-09T14:16:58.666667+13:00,33.4,-36.639981,174.757993,1,True
esp32_device_001,2025-10-09T14:17:00.333333+13:00,35.0,-36.640226,174.757840,1,True
esp32_device_001,2025-10-09T14:17:02+13:00,36.6,-36.640446,174.757751,1,False
esp32_device_001,2025-10-09T14:17:03.250000+13:00,37.5,-36.640706,174.757545,1,True
esp32_device_001,2025-10-09T14:17:04.500000+13:00,38.4,-36.640773,174.757492,1,True
esp32_device_001,2025-10-09T14:17:05.750000+13:00,39.2,-36.640843,174.757424,1,True
esp32_device_001,2025-10-09T14:17:07+13:00,40.1,-36.640915,174.757355,1,False
esp32_device_001,2025-10-09T14:17:07.625000+13:00,40.1,-36.640912,174.757318,1,True
esp32_device_001,2025-10-09T14:17:08.250000+13:00,40.1,-36.640951,174.757222,1,True
esp32_device_001,2025-10-09T14:17:08.875000+13:00,40.1,-36.640977,174.757116,1,True
esp32_device_001,2025-10-09T14:17:09.500000+13:00,40.1,-36.640980,174.757038,1,True
esp32_device_001,2025-10-09T14:17:10.125000+13:00,40.1,-36.640982,174.756960,1,True
esp32_device_001,2025-10-09T14:17:10.750000+13:00,40.1,-36.640973,174.756866,1,True
esp32_device_001,2025-10-09T14:17:11.375000+13:00,40.1,-36.640947,174.756772,1,True
esp32_device_001,2025-10-09T14:17:12+13:00,40.1,-36.640949,174.756683,1,False
esp32_device_001,2025-10-09T14:17:14.500000+13:00,39.6,-36.640916,174.756683,1,True
esp32_device_001,2025-10-09T14:17:17+13:00,39.1,-36.640614,174.755997,1,False
esp32_device_001,2025-10-09T14:17:19.500000+13:00,38.4,-36.640234,174.755313,1,True
esp32_device_001,2025-10-09T14:17:22+13:00,37.6,-36.640244,174.755249,1,False
esp32_device_001,2025-10-09T14:17:27+13:00,37.6,-36.639885,174.754532,1,False
esp32_device_001,2025-10-09T14:17:29.500000+13:00,38.7,-36.639539,174.753929,1,True
esp32_device_001,2025-10-09T14:17:32+13:00,39.7,-36.639534,174.753845,1,False
esp32_device_001,2025-10-09T14:17:33+13:00,40.2,-36.639440,174.753758,1,True
esp32_device_001,2025-10-09T14:17:34+13:00,40.8,-36.639310,174.753585,1,True
esp32_device_001,2025-10-09T14:17:35+13:00,41.3,-36.639217,174.753461,1,True
esp32_device_001,2025-10-09T14:17:36+13:00,41.9,-36.639132,174.753354,1,True
esp32_device_001,2025-10-09T14:17:37+13:00,42.4,-36.639126,174.753265,1,False
esp32_device_001,2025-10-09T14:17:38.666667+13:00,43.1,-36.639032,174.753189,1,True
esp32_device_001,2025-10-09T14:17:40.333333+13:00,43.7,-36.639026,174.753179,1,True
esp32_device_001,2025-10-09T14:17:42+13:00,44.4,-36.638786,174.752686,1,False
esp32_device_001,2025-10-09T14:17:44.500000+13:00,44.5,-36.638620,174.752435,1,True
esp32_device_001,2025-10-09T14:17:47+13:00,44.6,-36.638477,174.752136,1,False
esp32_device_001,2025-10-09T14:17:52+13:00,43.2,-36.638168,174.751541,1,False
esp32_device_001,2025-10-09T14:17:54.500000+13:00,42.5,-36.638063,174.751422,1,True
esp32_device_001,2025-10-09T14:17:57+13:00,41.8,-36.637848,174.750946,1,False
esp32_device_001,2025-10-09T14:18:02+13:00,44.4,-36.637535,174.750381,1,False
esp32_device_001,2025-10-09T14:18:03.666667+13:00,45.8,-36.637392,174.750191,1,True
esp32_device_001,2025-10-09T14:18:05.333333+13:00,47.1,-36.637263,174.749956,1,True
esp32_device_001,2025-10-09T14:18:07+13:00,48.5,-36.637241,174.749847,1,False
esp32_device_001,2025-10-09T14:18:08.666667+13:00,49.7,-36.637149,174.749748,1,True
esp32_device_001,2025-10-09T14:18:10.333333+13:00,50.8,-36.636953,174.749392,1,True
esp32_device_001,2025-10-09T14:18:12+13:00,52,-36.636951,174.749298,1,False
esp32_device_001,2025-10-09T14:18:13+13:00,52.2,-36.636906,174.749233,1,True
esp32_device_001,2025-10-09T14:18:14+13:00,52.3,-36.636858,174.749144,1,True
esp32_device_001,2025-10-09T14:18:15+13:00,52.5,-36.636720,174.748921,1,True
esp32_device_001,2025-10-09T14:18:16+13:00,52.6,-36.636655,174.748818,1,True
esp32_device_001,2025-10-09T14:18:17+13:00,52.8,-36.636616,174.748779,1,False
esp32_device_001,2025-10-09T14:18:18.250000+13:00,52.7,-36.636582,174.748742,1,True
esp32_device_001,2025-10-09T14:18:19.500000+13:00,52.6,-36.636338,174.748538,1,True
esp32_device_001,2025-10-09T14:18:20.750000+13:00,52.5,-36.636192,174.748413,1,True
esp32_device_001,2025-10-09T14:18:22+13:00,52.4,-36.636189,174.748383,1,False
esp32_device_001,2025-10-09T14:18:22.714286+13:00,52.2,-36.636098,174.748333,1,True
esp32_device_001,2025-10-09T14:18:23.428571+13:00,51.9,-36.636073,174.748311,1,True
esp32_device_001,2025-10-09T14:18:24.142857+13:00,51.7,-36.635989,174.748239,1,True
esp32_device_001,2025-10-09T14:18:24.857143+13:00,51.5,-36.635909,174.748165,1,True
esp32_device_001,2025-10-09T14:18:25.571429+13:00,51.3,-36.635835,174.748095,1,True
esp32_device_001,2025-10-09T14:18:26.285714+13:00,51.0,-36.635766,174.748024,1,True
esp32_device_001,2025-10-09T14:18:27+13:00,50.8,-36.635773,174.747955,1,False
esp32_device_001,2025-10-09T14:18:28+13:00,49.7,-36.635697,174.747950,1,True
esp32_device_001,2025-10-09T14:18:29+13:00,48.6,-36.635628,174.747866,1,True
esp32_device_001,2025-10-09T14:18:30+13:00,47.5,-36.635567,174.747779,1,True
esp32_device_001,2025-10-09T14:18:31+13:00,46.4,-36.635491,174.747643,1,True
esp32_device_001,2025-10-09T14:18:32+13:00,45.3,-36.63541,174.747421,1,False
esp32_device_001,2025-10-09T14:18:33.250000+13:00,44.0,-36.635318,174.747207,1,True
esp32_device_001,2025-10-09T14:18:34.500000+13:00,42.8,-36.635276,174.747027,1,True
esp32_device_001,2025-10-09T14:18:35.750000+13:00,41.5,-36.635260,174.746927,1,True
esp32_device_001,2025-10-09T14:18:37+13:00,40.2,-36.635246,174.746796,1,False
esp32_device_001,2025-10-09T14:18:37.277778+13:00,39.9,-36.635239,174.746662,1,True
esp32_device_001,2025-10-09T14:18:37.555556+13:00,39.7,-36.635231,174.746552,1,True
esp32_device_001,2025-10-09T14:18:37.833333+13:00,39.4,-36.635229,174.746439,1,True
esp32_device_001,2025-10-09T14:18:38.111111+13:00,39.2,-36.635218,174.746297,1,True
esp32_device_001,2025-10-09T14:18:38.388889+13:00,38.9,-36.635186,174.746173,1,True
esp32_device_001,2025-10-09T14:18:38.666667+13:00,38.6,-36.635248,174.746184,1,True
esp32_device_001,2025-10-09T14:18:38.944444+13:00,38.4,-36.635298,174.746192,1,True
esp32_device_001,2025-10-09T14:18:39.222222+13:00,38.1,-36.635572,174.746173,1,True
esp32_device_001,2025-10-09T14:18:39.500000+13:00,37.9,-36.635589,174.746160,1,True
esp32_device_001,2025-10-09T14:18:39.777778+13:00,37.6,-36.635604,174.746143,1,True
esp32_device_001,2025-10-09T14:18:40.055556+13:00,37.3,-36.635610,174.746123,1,True
esp32_device_001,2025-10-09T14:18:40.333333+13:00,37.1,-36.635610,174.746100,1,True
esp32_device_001,2025-10-09T14:18:40.611111+13:00,36.8,-36.635606,174.746064,1,True
esp32_device_001,2025-10-09T14:18:40.888889+13:00,36.5,-36.635586,174.746040,1,True
esp32_device_001,2025-10-09T14:18:41.166667+13:00,36.3,-36.635562,174.746036,1,True
esp32_device_001,2025-10-09T14:18:41.444444+13:00,36.0,-36.635301,174.746051,1,True
esp32_device_001,2025-10-09T14:18:41.722222+13:00,35.8,-36.635246,174.746042,1,True
esp32_device_001,2025-10-09T14:18:42+13:00,35.5,-36.635227,174.746063,1,False
esp32_device_001,2025-10-09T14:18:43+13:00,34.9,-36.635180,174.746031,1,True
esp32_device_001,2025-10-09T14:18:44+13:00,34.4,-36.635174,174.745870,1,True
esp32_device_001,2025-10-09T14:18:45+13:00,33.8,-36.635156,174.745455,1,True
esp32_device_001,2025-10-09T14:18:46+13:00,33.3,-36.635155,174.745422,1,True
esp32_device_001,2025-10-09T14:18:47+13:00,32.7,-36.635193,174.745316,1,False
esp32_device_001,2025-10-09T14:18:48.250000+13:00,31.9,-36.635146,174.745224,1,True
esp32_device_001,2025-10-09T14:18:49.500000+13:00,31.2,-36.635136,174.744990,1,True
esp32_device_001,2025-10-09T14:18:50.750000+13:00,30.4,-36.635129,174.744821,1,True
esp32_device_001,2025-10-09T14:18:52+13:00,29.6,-36.635155,174.744583,1,False
esp32_device_001,2025-10-09T14:18:53.250000+13:00,28.5,-36.635116,174.744538,1,True
esp32_device_001,2025-10-09T14:18:54.500000+13:00,27.3,-36.635105,174.744287,1,True
esp32_device_001,2025-10-09T14:18:55.750000+13:00,26.1,-36.635093,174.744009,1,True
esp32_device_001,2025-10-09T14:18:57+13:00,25,-36.63512,174.743835,1,False
esp32_device_001,2025-10-09T14:18:58.250000+13:00,23.9,-36.635081,174.743714,1,True
esp32_device_001,2025-10-09T14:18:59.500000+13:00,22.9,-36.635070,174.743468,1,True
esp32_device_001,2025-10-09T14:19:00.750000+13:00,21.8,-36.635063,174.743313,1,True
esp32_device_001,2025-10-09T14:19:02+13:00,20.7,-36.635094,174.743073,1,False
esp32_device_001,2025-10-09T14:19:03.666667+13:00,20.1,-36.635046,174.742921,1,True
esp32_device_001,2025-10-09T14:19:05.333333+13:00,19.6,-36.635035,174.742658,1,True
esp32_device_001,2025-10-09T14:19:07+13:00,19,-36.635048,174.742462,1,False
esp32_device_001,2025-10-09T14:19:12+13:00,18.2,-36.635002,174.742157,1,False
esp32_device_001,2025-10-09T14:19:17+13:00,17.2,-36.634777,174.742126,1,False
esp32_device_001,2025-10-09T14:19:19.500000+13:00,16.4,-36.634678,174.742168,1,True
esp32_device_001,2025-10-09T14:19:22+13:00,15.7,-36.634491,174.742157,1,False
esp32_device_001,2025-10-09T14:19:23.250000+13:00,15.4,-36.634377,174.742196,1,True
esp32_device_001,2025-10-09T14:19:24.500000+13:00,15.1,-36.634342,174.742204,1,True
esp32_device_001,2025-10-09T14:19:25.750000+13:00,14.7,-36.634310,174.742215,1,True
esp32_device_001,2025-10-09T14:19:27+13:00,14.4,-36.634216,174.742264,1,False
esp32_device_001,2025-10-09T14:19:32+13:00,13.5,-36.634014,174.742447,1,False
esp32_device_001,2025-10-09T14:19:37+13:00,14.2,-36.634018,174.742691,1,False
esp32_device_001,2025-10-09T14:19:52+13:00,14.8,-36.634019,174.742861,1,True
esp32_device_001,2025-10-09T14:20:07+13:00,15.5,-36.634075,174.743149,1,False
esp32_device_001,2025-10-09T14:20:12+13:00,16.3,-36.634083,174.74324,1,False
esp32_device_001,2025-10-09T14:57:14+13:00,16.6,-36.634079,174.743134,2,False
esp32_device_001,2025-10-09T14:57:19+13:00,14.8,-36.634052,174.742981,2,False
esp32_device_001,2025-10-09T14:57:24+13:00,14.5,-36.634022,174.742798,2,False
esp32_device_001,2025-10-09T14:57:29+13:00,13.7,-36.634007,174.742508,2,False
esp32_device_001,2025-10-09T14:57:34+13:00,13.3,-36.634087,174.74234,2,False
esp32_device_001,2025-10-09T14:57:36.500000+13:00,13.7,-36.634310,174.742215,2,True
esp32_device_001,2025-10-09T14:57:39+13:00,14,-36.634346,174.742188,2,False
esp32_device_001,2025-10-09T14:57:40.666667+13:00,14.8,-36.634377,174.742196,2,True
esp32_device_001,2025-10-09T14:57:42.333333+13:00,15.5,-36.634678,174.742168,2,True
esp32_device_001,2025-10-09T14:57:44+13:00,16.3,-36.634689,174.742142,2,False
esp32_device_001,2025-10-09T14:57:48.166667+13:00,16.8,-36.634917,174.742151,2,True
esp32_device_001,2025-10-09T14:57:52.333333+13:00,17.3,-36.634948,174.742148,2,True
esp32_device_001,2025-10-09T14:57:56.500000+13:00,17.9,-36.635013,174.742143,2,True
esp32_device_001,2025-10-09T14:58:00.666667+13:00,18.4,-36.635023,174.742401,2,True
esp32_device_001,2025-10-09T14:58:04.833333+13:00,18.9,-36.635035,174.742658,2,True
esp32_device_001,2025-10-09T14:58:09+13:00,19.4,-36.635014,174.742676,2,False
esp32_device_001,2025-10-09T14:58:10.666667+13:00,20.3,-36.635046,174.742921,2,True
esp32_device_001,2025-10-09T14:58:12.333333+13:00,21.1,-36.635063,174.743313,2,True
esp32_device_001,2025-10-09T14:58:14+13:00,22,-36.635044,174.743393,2,False
esp32_device_001,2025-10-09T14:58:15.250000+13:00,22.9,-36.635070,174.743468,2,True
esp32_device_001,2025-10-09T14:58:16.500000+13:00,23.9,-36.635081,174.743714,2,True
esp32_device_001,2025-10-09T14:58:17.750000+13:00,24.8,-36.635093,174.744009,2,True
esp32_device_001,2025-10-09T14:58:19+13:00,25.7,-36.635075,174.74411,2,False
esp32_device_001,2025-10-09T14:58:20.250000+13:00,26.6,-36.635105,174.744287,2,True
esp32_device_001,2025-10-09T14:58:21.500000+13:00,27.4,-36.635116,174.744538,2,True
esp32_device_001,2025-10-09T14:58:22.750000+13:00,28.2,-36.635129,174.744821,2,True
esp32_device_001,2025-10-09T14:58:24+13:00,29.1,-36.635101,174.744797,2,False
esp32_device_001,2025-10-09T14:58:24.217391+13:00,29.2,-36.635055,174.744825,2,True
esp32_device_001,2025-10-09T14:58:24.434783+13:00,29.3,-36.635020,174.744827,2,True
esp32_device_001,2025-10-09T14:58:24.652174+13:00,29.4,-36.634800,174.744839,2,True
esp32_device_001,2025-10-09T14:58:24.869565+13:00,29.5,-36.634315,174.744864,2,True
esp32_device_001,2025-10-09T14:58:25.086957+13:00,29.6,-36.634243,174.744868,2,True
esp32_device_001,2025-10-09T14:58:25.304348+13:00,29.7,-36.634162,174.744826,2,True
esp32_device_001,2025-10-09T14:58:25.521739+13:00,29.8,-36.633880,174.744512,2,True
esp32_device_001,2025-10-09T14:58:25.739130+13:00,29.9,-36.633843,174.744476,2,True
esp32_device_001,2025-10-09T14:58:25.956522+13:00,30.0,-36.633655,174.744294,2,True
esp32_device_001,2025-10-09T14:58:26.173913+13:00,30.1,-36.633843,174.744476,2,True
esp32_device_001,2025-10-09T14:58:26.391304+13:00,30.2,-36.633880,174.744512,2,True
esp32_device_001,2025-10-09T14:58:26.608696+13:00,30.4,-36.634162,174.744826,2,True
esp32_device_001,2025-10-09T14:58:26.826087+13:00,30.5,-36.634243,174.744868,2,True
esp32_device_001,2025-10-09T14:58:27.043478+13:00,30.6,-36.634315,174.744864,2,True
esp32_device_001,2025-10-09T14:58:27.260870+13:00,30.7,-36.634800,174.744839,2,True
esp32_device_001,2025-10-09T14:58:27.478261+13:00,30.8,-36.635020,174.744827,2,True
esp32_device_001,2025-10-09T14:58:27.695652+13:00,30.9,-36.635055,174.744825,2,True
esp32_device_001,2025-10-09T14:58:27.913043+13:00,31.0,-36.635129,174.744821,2,True
esp32_device_001,2025-10-09T14:58:28.130435+13:00,31.1,-36.635136,174.744990,2,True
esp32_device_001,2025-10-09T14:58:28.347826+13:00,31.2,-36.635146,174.745224,2,True
esp32_device_001,2025-10-09T14:58:28.565217+13:00,31.3,-36.635155,174.745422,2,True
esp32_device_001,2025-10-09T14:58:28.782609+13:00,31.4,-36.635156,174.745455,2,True
esp32_device_001,2025-10-09T14:58:29+13:00,31.5,-36.635136,174.745468,2,False
esp32_device_001,2025-10-09T14:58:30.666667+13:00,32.2,-36.635174,174.745870,2,True
esp32_device_001,2025-10-09T14:58:32.333333+13:00,32.9,-36.635180,174.746031,2,True
esp32_device_001,2025-10-09T14:58:34+13:00,33.6,-36.635139,174.746124,2,False
esp32_device_001,2025-10-09T14:58:34.714286+13:00,34.2,-36.635186,174.746173,2,True
esp32_device_001,2025-10-09T14:58:35.428571+13:00,34.7,-36.635164,174.746298,2,True
esp32_device_001,2025-10-09T14:58:36.142857+13:00,35.3,-36.635164,174.746400,2,True
esp32_device_001,2025-10-09T14:58:36.857143+13:00,35.9,-36.635166,174.746442,2,True
esp32_device_001,2025-10-09T14:58:37.571429+13:00,36.5,-36.635171,174.746554,2,True
esp32_device_001,2025-10-09T14:58:38.285714+13:00,37.0,-36.635178,174.746661,2,True
esp32_device_001,2025-10-09T14:58:39+13:00,37.6,-36.635174,174.746689,2,False
esp32_device_001,2025-10-09T14:58:42.333333+13:00,38.4,-36.635188,174.746809,2,True
esp32_device_001,2025-10-09T14:58:45.666667+13:00,39.3,-36.635197,174.746893,2,True
esp32_device_001,2025-10-09T14:58:49+13:00,40.1,-36.635208,174.746963,2,True
esp32_device_001,2025-10-09T14:58:52.333333+13:00,40.9,-36.635244,174.747125,2,True
esp32_device_001,2025-10-09T14:58:55.666667+13:00,41.8,-36.635277,174.747258,2,True
esp32_device_001,2025-10-09T14:58:59+13:00,42.6,-36.635288,174.747269,2,False
esp32_device_001,2025-10-09T14:59:00.250000+13:00,43.5,-36.635319,174.747401,2,True
esp32_device_001,2025-10-09T14:59:01.500000+13:00,44.5,-36.635379,174.747545,2,True
esp32_device_001,2025-10-09T14:59:02.750000+13:00,45.5,-36.635441,174.747674,2,True
esp32_device_001,2025-10-09T14:59:04+13:00,46.4,-36.635475,174.747726,2,False
esp32_device_001,2025-10-09T14:59:05.250000+13:00,47.2,-36.635519,174.747818,2,True
esp32_device_001,2025-10-09T14:59:06.500000+13:00,48.1,-36.635610,174.747944,2,True
esp32_device_001,2025-10-09T14:59:07.750000+13:00,48.9,-36.635719,174.748078,2,True
esp32_device_001,2025-10-09T14:59:09+13:00,49.8,-36.635738,174.748108,2,False
esp32_device_001,2025-10-09T14:59:09.833333+13:00,50.2,-36.635785,174.748147,2,True
esp32_device_001,2025-10-09T14:59:10.666667+13:00,50.6,-36.635833,174.748195,2,True
esp32_device_001,2025-10-09T14:59:11.500000+13:00,51.0,-36.635850,174.748210,2,True
esp32_device_001,2025-10-09T14:59:12.333333+13:00,51.5,-36.635866,174.748225,2,True
esp32_device_001,2025-10-09T14:59:13.166667+13:00,51.9,-36.635940,174.748286,2,True
esp32_device_001,2025-10-09T14:59:14+13:00,52.3,-36.63604,174.748367,2,False
esp32_device_001,2025-10-09T14:59:16.500000+13:00,52.5,-36.636160,174.748477,2,True
esp32_device_001,2025-10-09T14:59:19+13:00,52.8,-36.636375,174.748642,2,False
esp32_device_001,2025-10-09T14:59:20.250000+13:00,52.6,-36.636529,174.748796,2,True
esp32_device_001,2025-10-09T14:59:21.500000+13:00,52.5,-36.636542,174.748807,2,True
esp32_device_001,2025-10-09T14:59:22.750000+13:00,52.4,-36.636612,174.748871,2,True
esp32_device_001,2025-10-09T14:59:24+13:00,52.2,-36.636696,174.749008,2,False
esp32_device_001,2025-10-09T14:59:25.250000+13:00,51.8,-36.636777,174.749130,2,True
esp32_device_001,2025-10-09T14:59:26.500000+13:00,51.5,-36.636853,174.749281,2,True
esp32_device_001,2025-10-09T14:59:27.750000+13:00,51.1,-36.636953,174.749392,2,True
esp32_device_001,2025-10-09T14:59:29+13:00,50.7,-36.63699,174.749512,2,False
esp32_device_001,2025-10-09T14:59:30.666667+13:00,49.0,-36.637149,174.749748,2,True
esp32_device_001,2025-10-09T14:59:32.333333+13:00,47.4,-36.637263,174.749956,2,True
esp32_device_001,2025-10-09T14:59:34+13:00,45.7,-36.63731,174.750107,2,False
esp32_device_001,2025-10-09T14:59:36.500000+13:00,42.8,-36.637392,174.750191,2,True
esp32_device_001,2025-10-09T14:59:39+13:00,39.8,-36.63768,174.750763,2,False
esp32_device_001,2025-10-09T14:59:44+13:00,40.6,-36.638031,174.751419,2,False
esp32_device_001,2025-10-09T14:59:46.500000+13:00,41.5,-36.638063,174.751422,2,True
esp32_device_001,2025-10-09T14:59:49+13:00,42.4,-36.638363,174.752045,2,False
esp32_device_001,2025-10-09T14:59:51.500000+13:00,42.6,-36.638620,174.752435,2,True
esp32_device_001,2025-10-09T14:59:54+13:00,42.8,-36.638695,174.75267,2,False
esp32_device_001,2025-10-09T14:59:55.666667+13:00,42.3,-36.639026,174.753179,2,True
esp32_device_001,2025-10-09T14:59:57.333333+13:00,41.8,-36.639032,174.753189,2,True
esp32_device_001,2025-10-09T14:59:59+13:00,41.3,-36.639046,174.753281,2,False
esp32_device_001,2025-10-09T15:00:00+13:00,40.8,-36.639132,174.753354,2,True
esp32_device_001,2025-10-09T15:00:01+13:00,40.4,-36.639217,174.753461,2,True
esp32_device_001,2025-10-09T15:00:02+13:00,39.9,-36.639310,174.753585,2,True
esp32_device_001,2025-10-09T15:00:03+13:00,39.5,-36.639440,174.753758,2,True
esp32_device_001,2025-10-09T15:00:04+13:00,39,-36.639454,174.75386,2,False
esp32_device_001,2025-10-09T15:00:06.500000+13:00,37.9,-36.639539,174.753929,2,True
esp32_device_001,2025-10-09T15:00:09+13:00,36.8,-36.639793,174.754501,2,False
esp32_device_001,2025-10-09T15:00:14+13:00,36.2,-36.64011,174.755157,2,False
esp32_device_001,2025-10-09T15:00:16.500000+13:00,36.9,-36.640234,174.755313,2,True
esp32_device_001,2025-10-09T15:00:19+13:00,37.5,-36.640434,174.755783,2,False
esp32_device_001,2025-10-09T15:00:24+13:00,38.6,-36.640747,174.756409,2,False
esp32_device_001,2025-10-09T15:00:25+13:00,38.7,-36.640916,174.756683,2,True
esp32_device_001,2025-10-09T15:00:26+13:00,38.8,-36.640947,174.756772,2,True
esp32_device_001,2025-10-09T15:00:27+13:00,39.0,-36.640973,174.756866,2,True
esp32_device_001,2025-10-09T15:00:28+13:00,39.1,-36.640982,174.756960,2,True
esp32_device_001,2025-10-09T15:00:29+13:00,39.2,-36.640923,174.757034,2,False
esp32_device_001,2025-10-09T15:00:29.714286+13:00,39.0,-36.640977,174.757116,2,True
esp32_device_001,2025-10-09T15:00:30.428571+13:00,38.8,-36.640951,174.757222,2,True
esp32_device_001,2025-10-09T15:00:31.142857+13:00,38.6,-36.640912,174.757318,2,True
esp32_device_001,2025-10-09T15:00:31.857143+13:00,38.5,-36.640843,174.757424,2,True
esp32_device_001,2025-10-09T15:00:32.571429+13:00,38.3,-36.640773,174.757492,2,True
esp32_device_001,2025-10-09T15:00:33.285714+13:00,38.1,-36.640706,174.757545,2,True
esp32_device_001,2025-10-09T15:00:34+13:00,37.9,-36.640633,174.757523,2,False
esp32_device_001,2025-10-09T15:02:40+13:00,37.7,-36.629059,174.767563,3,False
esp32_device_001,2025-10-09T15:02:41.250000+13:00,37.9,-36.628861,174.767741,3,True
esp32_device_001,2025-10-09T15:02:42.500000+13:00,38.2,-36.628722,174.767836,3,True
esp32_device_001,2025-10-09T15:02:43.750000+13:00,38.4,-36.628638,174.767915,3,True
esp32_device_001,2025-10-09T15:02:45+13:00,38.6,-36.628566,174.768005,3,True
esp32_device_001,2025-10-09T15:02:46.250000+13:00,38.8,-36.628501,174.768115,3,True
esp32_device_001,2025-10-09T15:02:47.500000+13:00,39.0,-36.628416,174.768315,3,True
esp32_device_001,2025-10-09T15:02:48.750000+13:00,39.3,-36.628344,174.768510,3,True
esp32_device_001,2025-10-09T15:02:50+13:00,39.5,-36.628235,174.768707,3,False
esp32_device_001,2025-10-09T15:02:50.714286+13:00,39.7,-36.628216,174.768816,3,True
esp32_device_001,2025-10-09T15:02:51.428571+13:00,39.9,-36.628163,174.768905,3,True
esp32_device_001,2025-10-09T15:02:52.142857+13:00,40.1,-36.628126,174.768961,3,True
esp32_device_001,2025-10-09T15:02:52.857143+13:00,40.4,-36.627971,174.769079,3,True
esp32_device_001,2025-10-09T15:02:53.571429+13:00,40.6,-36.627874,174.769128,3,True
esp32_device_001,2025-10-09T15:02:54.285714+13:00,40.8,-36.627775,174.769163,3,True
esp32_device_001,2025-10-09T15:02:55+13:00,41,-36.627731,174.769135,3,False
esp32_device_001,2025-10-09T15:02:56.250000+13:00,41.5,-36.627673,174.769186,3,True
esp32_device_001,2025-10-09T15:02:57.500000+13:00,42.1,-36.627409,174.769221,3,True
esp32_device_001,2025-10-09T15:02:58.750000+13:00,42.7,-36.627142,174.769252,3,True
esp32_device_001,2025-10-09T15:03:00+13:00,43.2,-36.627098,174.769211,3,False
esp32_device_001,2025-10-09T15:03:01.250000+13:00,43.9,-36.626872,174.769283,3,True
esp32_device_001,2025-10-09T15:03:02.500000+13:00,44.7,-36.626692,174.769309,3,True
esp32_device_001,2025-10-09T15:03:03.750000+13:00,45.4,-36.626606,174.769328,3,True
esp32_device_001,2025-10-09T15:03:05+13:00,46.1,-36.626476,174.769318,3,False
esp32_device_001,2025-10-09T15:03:10+13:00,47.9,-36.625866,174.769455,3,False
esp32_device_001,2025-10-09T15:03:15+13:00,48.3,-36.625263,174.769592,3,False
esp32_device_001,2025-10-09T15:03:17.500000+13:00,47.1,-36.625017,174.769697,3,True
esp32_device_001,2025-10-09T15:03:20+13:00,46,-36.624676,174.76973,3,False
esp32_device_001,2025-10-09T15:03:21.250000+13:00,45.1,-36.624457,174.769823,3,True
esp32_device_001,2025-10-09T15:03:22.500000+13:00,44.2,-36.624354,174.769851,3,True
esp32_device_001,2025-10-09T15:03:23.750000+13:00,43.3,-36.624228,174.769903,3,True
esp32_device_001,2025-10-09T15:03:25+13:00,42.4,-36.62418,174.769913,3,False
esp32_device_001,2025-10-09T15:03:26.250000+13:00,41.5,-36.624125,174.769982,3,True
esp32_device_001,2025-10-09T15:03:27.500000+13:00,40.6,-36.624027,174.770074,3,True
esp32_device_001,2025-10-09T15:03:28.750000+13:00,39.7,-36.623832,174.770272,3,True
esp32_device_001,2025-10-09T15:03:30+13:00,38.8,-36.62376,174.770294,3,False
esp32_device_001,2025-10-09T15:03:35+13:00,34.7,-36.623333,174.770737,3,False
esp32_device_001,2025-10-09T15:03:36.666667+13:00,33.5,-36.623134,174.770989,3,True
esp32_device_001,2025-10-09T15:03:38.333333+13:00,32.2,-36.622951,174.771178,3,True
esp32_device_001,2025-10-09T15:03:40+13:00,31,-36.622902,174.771179,3,False
esp32_device_001,2025-10-09T15:03:42.500000+13:00,28.9,-36.622616,174.771523,3,True
esp32_device_001,2025-10-09T15:03:45+13:00,26.7,-36.622444,174.771637,3,False
esp32_device_001,2025-10-09T15:03:46.666667+13:00,25.5,-36.622362,174.771785,3,True
esp32_device_001,2025-10-09T15:03:48.333333+13:00,24.2,-36.622053,174.772103,3,True
esp32_device_001,2025-10-09T15:03:50+13:00,23,-36.621975,174.772125,3,False
esp32_device_001,2025-10-09T15:03:51.666667+13:00,23.2,-36.621819,174.772336,3,True
esp32_device_001,2025-10-09T15:03:53.333333+13:00,23.4,-36.621576,174.772596,3,True
esp32_device_001,2025-10-09T15:03:55+13:00,23.6,-36.621502,174.772644,3,False
esp32_device_001,2025-10-09T15:03:56.250000+13:00,25.1,-36.621503,174.772687,3,True
esp32_device_001,2025-10-09T15:03:57.500000+13:00,26.6,-36.621433,174.772781,3,True
esp32_device_001,2025-10-09T15:03:58.750000+13:00,28.0,-36.621224,174.773141,3,True
esp32_device_001,2025-10-09T15:04:00+13:00,29.5,-36.621124,174.773224,3,False
esp32_device_001,2025-10-09T15:04:00.625000+13:00,30.2,-36.621110,174.773291,3,True
esp32_device_001,2025-10-09T15:04:01.250000+13:00,31.0,-36.621040,174.773359,3,True
esp32_device_001,2025-10-09T15:04:01.875000+13:00,31.7,-36.620970,174.773416,3,True
esp32_device_001,2025-10-09T15:04:02.500000+13:00,32.5,-36.620901,174.773457,3,True
esp32_device_001,2025-10-09T15:04:03.125000+13:00,33.2,-36.620826,174.773486,3,True
esp32_device_001,2025-10-09T15:04:03.750000+13:00,33.9,-36.620753,174.773517,3,True
esp32_device_001,2025-10-09T15:04:04.375000+13:00,34.7,-36.620670,174.773536,3,True
esp32_device_001,2025-10-09T15:04:05+13:00,35.4,-36.620628,174.773499,3,False
esp32_device_001,2025-10-09T15:04:10+13:00,41,-36.62006,174.773605,3,False
esp32_device_001,2025-10-09T15:04:11.666667+13:00,43.1,-36.619731,174.773712,3,True
esp32_device_001,2025-10-09T15:04:13.333333+13:00,45.1,-36.619588,174.773740,3,True
esp32_device_001,2025-10-09T15:04:15+13:00,47.2,-36.61948,174.773727,3,False
esp32_device_001,2025-10-09T15:04:16+13:00,48.5,-36.619405,174.773801,3,True
esp32_device_001,2025-10-09T15:04:17+13:00,49.8,-36.619161,174.773898,3,True
esp32_device_001,2025-10-09T15:04:18+13:00,51.2,-36.619073,174.773934,3,True
esp32_device_001,2025-10-09T15:04:19+13:00,52.5,-36.618985,174.773956,3,True
esp32_device_001,2025-10-09T15:04:20+13:00,53.8,-36.618908,174.773926,3,False
esp32_device_001,2025-10-09T15:04:22.500000+13:00,57.0,-36.618894,174.773968,3,True
esp32_device_001,2025-10-09T15:04:25+13:00,60.1,-36.618305,174.773941,3,False
esp32_device_001,2025-10-09T15:04:26.666667+13:00,61.8,-36.618180,174.774008,3,True
esp32_device_001,2025-10-09T15:04:28.333333+13:00,63.4,-36.617987,174.774004,3,True
esp32_device_001,2025-10-09T15:04:30+13:00,65.1,-36.617672,174.773926,3,False
esp32_device_001,2025-10-09T15:04:31+13:00,66.2,-36.617366,174.773952,3,True
esp32_device_001,2025-10-09T15:04:32+13:00,67.4,-36.617234,174.773946,3,True
esp32_device_001,2025-10-09T15:04:33+13:00,68.5,-36.617160,174.773951,3,True
esp32_device_001,2025-10-09T15:04:34+13:00,69.7,-36.617045,174.773964,3,True
esp32_device_001,2025-10-09T15:04:35+13:00,70.8,-36.617012,174.773911,3,False
esp32_device_001,2025-10-09T15:04:35.833333+13:00,71.5,-36.616928,174.773988,3,True
esp32_device_001,2025-10-09T15:04:36.666667+13:00,72.3,-36.616804,174.774024,3,True
esp32_device_001,2025-10-09T15:04:37.500000+13:00,73.0,-36.616699,174.774066,3,True
esp32_device_001,2025-10-09T15:04:38.333333+13:00,73.7,-36.616554,174.774143,3,True
esp32_device_001,2025-10-09T15:04:39.166667+13:00,74.5,-36.616414,174.774233,3,True
esp32_device_001,2025-10-09T15:04:40+13:00,75.2,-36.616367,174.7742,3,False
esp32_device_001,2025-10-09T15:04:41.666667+13:00,75.6,-36.616039,174.774493,3,True
esp32_device_001,2025-10-09T15:04:43.333333+13:00,76.1,-36.615842,174.774633,3,True
esp32_device_001,2025-10-09T15:04:45+13:00,76.5,-36.615707,174.774658,3,False
esp32_device_001,2025-10-09T15:04:45.714286+13:00,76.7,-36.615719,174.774716,3,True
esp32_device_001,2025-10-09T15:04:46.428571+13:00,77.0,-36.615606,174.774776,3,True
esp32_device_001,2025-10-09T15:04:47.142857+13:00,77.2,-36.615485,174.774830,3,True
esp32_device_001,2025-10-09T15:04:47.857143+13:00,77.4,-36.615336,174.774877,3,True
esp32_device_001,2025-10-09T15:04:48.571429+13:00,77.6,-36.615163,174.774910,3,True
esp32_device_001,2025-10-09T15:04:49.285714+13:00,77.9,-36.615019,174.774918,3,True
esp32_device_001,2025-10-09T15:04:50+13:00,78.1,-36.614971,174.774857,3,False
esp32_device_001,2025-10-09T15:04:51.250000+13:00,78.4,-36.614610,174.774923,3,True
esp32_device_001,2025-10-09T15:04:52.500000+13:00,78.8,-36.614417,174.774926,3,True
esp32_device_001,2025-10-09T15:04:53.750000+13:00,79.2,-36.614311,174.774933,3,True
esp32_device_001,2025-10-09T15:04:55+13:00,79.5,-36.614227,174.774887,3,False
esp32_device_001,2025-10-09T15:04:55.833333+13:00,79.5,-36.614184,174.774954,3,True
esp32_device_001,2025-10-09T15:04:56.666667+13:00,79.5,-36.614041,174.774989,3,True
esp32_device_001,2025-10-09T15:04:57.500000+13:00,79.5,-36.613899,174.775046,3,True
esp32_device_001,2025-10-09T15:04:58.333333+13:00,79.4,-36.613761,174.775123,3,True
esp32_device_001,2025-10-09T15:04:59.166667+13:00,79.4,-36.613628,174.775212,3,True
esp32_device_001,2025-10-09T15:05:00+13:00,79.4,-36.613579,174.775177,3,False
esp32_device_001,2025-10-09T15:05:00.833333+13:00,79.0,-36.613517,174.775306,3,True
esp32_device_001,2025-10-09T15:05:01.666667+13:00,78.5,-36.613423,174.775400,3,True
esp32_device_001,2025-10-09T15:05:02.500000+13:00,78.1,-36.613356,174.775474,3,True
esp32_device_001,2025-10-09T15:05:03.333333+13:00,77.6,-36.613239,174.775635,3,True
esp32_device_001,2025-10-09T15:05:04.166667+13:00,77.2,-36.613155,174.775781,3,True
esp32_device_001,2025-10-09T15:05:05+13:00,76.7,-36.613071,174.775848,3,False
esp32_device_001,2025-10-09T15:05:07.500000+13:00,76.2,-36.612782,174.776527,3,True
esp32_device_001,2025-10-09T15:05:10+13:00,75.7,-36.612679,174.776627,3,False
esp32_device_001,2025-10-09T15:05:15+13:00,74.9,-36.612289,174.777405,3,False
esp32_device_001,2025-10-09T15:05:16.666667+13:00,75.3,-36.612162,174.777780,3,True
esp32_device_001,2025-10-09T15:05:18.333333+13:00,75.6,-36.612071,174.778024,3,True
esp32_device_001,2025-10-09T15:05:20+13:00,76,-36.611988,174.778168,3,False
esp32_device_001,2025-10-09T15:05:21.250000+13:00,76.5,-36.611996,174.778284,3,True
esp32_device_001,2025-10-09T15:05:22.500000+13:00,76.9,-36.611958,174.778444,3,True
esp32_device_001,2025-10-09T15:05:23.750000+13:00,77.3,-36.611880,174.778827,3,True
esp32_device_001,2025-10-09T15:05:25+13:00,77.8,-36.611824,174.778931,3,False
esp32_device_001,2025-10-09T15:05:25.833333+13:00,78.0,-36.611807,174.779002,3,True
esp32_device_001,2025-10-09T15:05:26.666667+13:00,78.1,-36.611801,174.779028,3,True
esp32_device_001,2025-10-09T15:05:27.500000+13:00,78.2,-36.611737,174.779349,3,True
esp32_device_001,2025-10-09T15:05:28.333333+13:00,78.4,-36.611698,174.779464,3,True
esp32_device_001,2025-10-09T15:05:29.166667+13:00,78.5,-36.611684,174.779514,3,True
esp32_device_001,2025-10-09T15:05:30+13:00,78.7,-36.61166,174.77951,3,False
esp32_device_001,2025-10-09T15:05:30.714286+13:00,78.8,-36.611641,174.779545,3,True
esp32_device_001,2025-10-09T15:05:31.428571+13:00,78.8,-36.611627,174.779571,3,True
esp32_device_001,2025-10-09T15:05:32.142857+13:00,78.9,-36.611621,174.779601,3,True
esp32_device_001,2025-10-09T15:05:32.857143+13:00,78.9,-36.611595,174.779684,3,True
esp32_device_001,2025-10-09T15:05:33.571429+13:00,79.0,-36.611518,174.779812,3,True
esp32_device_001,2025-10-09T15:05:34.285714+13:00,79.0,-36.611360,174.780007,3,True
esp32_device_001,2025-10-09T15:05:35+13:00,79.1,-36.61134,174.779999,3,False
esp32_device_001,2025-10-09T15:05:36.250000+13:00,78.8,-36.611153,174.780157,3,True
esp32_device_001,2025-10-09T15:05:37.500000+13:00,78.4,-36.610932,174.780316,3,True
esp32_device_001,2025-10-09T15:05:38.750000+13:00,78.0,-36.610853,174.780359,3,True
esp32_device_001,2025-10-09T15:05:40+13:00,77.7,-36.610798,174.780334,3,False
esp32_device_001,2025-10-09T15:05:40.714286+13:00,77.2,-36.610775,174.780398,3,True
esp32_device_001,2025-10-09T15:05:41.428571+13:00,76.7,-36.610602,174.780488,3,True
esp32_device_001,2025-10-09T15:05:42.142857+13:00,76.2,-36.610519,174.780537,3,True
esp32_device_001,2025-10-09T15:05:42.857143+13:00,75.8,-36.610433,174.780591,3,True
esp32_device_001,2025-10-09T15:05:43.571429+13:00,75.3,-36.610355,174.780651,3,True
esp32_device_001,2025-10-09T15:05:44.285714+13:00,74.8,-36.610280,174.780726,3,True
esp32_device_001,2025-10-09T15:05:45+13:00,74.3,-36.610249,174.780716,3,False
esp32_device_001,2025-10-09T15:05:46.250000+13:00,72.8,-36.610103,174.780963,3,True
esp32_device_001,2025-10-09T15:05:47.500000+13:00,71.2,-36.610061,174.781046,3,True
esp32_device_001,2025-10-09T15:05:48.750000+13:00,69.7,-36.610007,174.781160,3,True
esp32_device_001,2025-10-09T15:05:50+13:00,68.2,-36.609901,174.781403,3,False
esp32_device_001,2025-10-09T15:05:52.500000+13:00,66.5,-36.609917,174.781437,3,True
esp32_device_001,2025-10-09T15:05:55+13:00,64.7,-36.609638,174.782227,3,False
esp32_device_001,2025-10-09T15:05:55.625000+13:00,64.4,-36.609653,174.782248,3,True
esp32_device_001,2025-10-09T15:05:56.250000+13:00,64.2,-36.609606,174.782367,3,True
esp32_device_001,2025-10-09T15:05:56.875000+13:00,63.9,-36.609561,174.782467,3,True
esp32_device_001,2025-10-09T15:05:57.500000+13:00,63.6,-36.609536,174.782519,3,True
esp32_device_001,2025-10-09T15:05:58.125000+13:00,63.3,-36.609453,174.782670,3,True
esp32_device_001,2025-10-09T15:05:58.750000+13:00,63.0,-36.609367,174.782800,3,True
esp32_device_001,2025-10-09T15:05:59.375000+13:00,62.8,-36.609276,174.782917,3,True
esp32_device_001,2025-10-09T15:06:00+13:00,62.5,-36.609238,174.782913,3,False
esp32_device_001,2025-10-09T15:06:00.333333+13:00,62.5,-36.608959,174.782811,3,True
esp32_device_001,2025-10-09T15:06:00.666667+13:00,62.5,-36.608920,174.782800,3,True
esp32_device_001,2025-10-09T15:06:01+13:00,62.6,-36.608898,174.782799,3,True
esp32_device_001,2025-10-09T15:06:01.333333+13:00,62.6,-36.608867,174.782802,3,True
esp32_device_001,2025-10-09T15:06:01.666667+13:00,62.6,-36.608851,174.782811,3,True
esp32_device_001,2025-10-09T15:06:02+13:00,62.6,-36.608841,174.782829,3,True
esp32_device_001,2025-10-09T15:06:02.333333+13:00,62.6,-36.608833,174.782846,3,True
esp32_device_001,2025-10-09T15:06:02.666667+13:00,62.7,-36.608835,174.782867,3,True
esp32_device_001,2025-10-09T15:06:03+13:00,62.7,-36.608836,174.782879,3,True
esp32_device_001,2025-10-09T15:06:03.333333+13:00,62.7,-36.608837,174.782898,3,True
esp32_device_001,2025-10-09T15:06:03.666667+13:00,62.7,-36.608841,174.782923,3,True
esp32_device_001,2025-10-09T15:06:04+13:00,62.7,-36.608896,174.783104,3,True
esp32_device_001,2025-10-09T15:06:04.333333+13:00,62.8,-36.608913,174.783158,3,True
esp32_device_001,2025-10-09T15:06:04.666667+13:00,62.8,-36.608946,174.783241,3,True
esp32_device_001,2025-10-09T15:06:05+13:00,62.8,-36.608704,174.783432,3,False
esp32_device_001,2025-10-09T15:06:07.500000+13:00,64.2,-36.608449,174.783689,3,True
esp32_device_001,2025-10-09T15:06:10+13:00,65.6,-36.60815,174.783905,3,False
esp32_device_001,2025-10-09T15:06:12.500000+13:00,66.6,-36.608013,174.784081,3,True
esp32_device_001,2025-10-09T15:06:15+13:00,67.6,-36.607601,174.784393,3,False
esp32_device_001,2025-10-09T15:06:17.500000+13:00,67.0,-36.607484,174.784558,3,True
esp32_device_001,2025-10-09T15:06:20+13:00,66.5,-36.607044,174.784897,3,False
esp32_device_001,2025-10-09T15:06:21.666667+13:00,65.0,-36.606981,174.785015,3,True
esp32_device_001,2025-10-09T15:06:23.333333+13:00,63.6,-36.606576,174.785376,3,True
esp32_device_001,2025-10-09T15:06:25+13:00,62.1,-36.606529,174.78537,3,False
esp32_device_001,2025-10-09T15:06:30+13:00,57,-36.606064,174.785782,3,False
esp32_device_001,2025-10-09T15:06:32.500000+13:00,54.9,-36.605788,174.786079,3,True
esp32_device_001,2025-10-09T15:06:35+13:00,52.7,-36.605614,174.786209,3,False
esp32_device_001,2025-10-09T15:06:35.714286+13:00,52.0,-36.605587,174.786292,3,True
esp32_device_001,2025-10-09T15:06:36.428571+13:00,51.3,-36.605521,174.786380,3,True
esp32_device_001,2025-10-09T15:06:37.142857+13:00,50.6,-36.605463,174.786476,3,True
esp32_device_001,2025-10-09T15:06:37.857143+13:00,49.9,-36.605418,174.786562,3,True
esp32_device_001,2025-10-09T15:06:38.571429+13:00,49.2,-36.605379,174.786658,3,True
esp32_device_001,2025-10-09T15:06:39.285714+13:00,48.5,-36.605344,174.786755,3,True
esp32_device_001,2025-10-09T15:06:40+13:00,47.8,-36.605309,174.786789,3,False
esp32_device_001,2025-10-09T15:06:41.666667+13:00,45.2,-36.605316,174.786860,3,True
esp32_device_001,2025-10-09T15:06:43.333333+13:00,42.6,-36.605279,174.787059,3,True
esp32_device_001,2025-10-09T15:06:45+13:00,40,-36.605194,174.787537,3,False
esp32_device_001,2025-10-09T15:06:50+13:00,33.6,-36.605095,174.78833,3,False
esp32_device_001,2025-10-09T15:06:52.500000+13:00,31.3,-36.605073,174.788703,3,True
esp32_device_001,2025-10-09T15:06:55+13:00,29,-36.604988,174.789139,3,False
esp32_device_001,2025-10-09T15:06:57.500000+13:00,26.6,-36.604989,174.789355,3,True
esp32_device_001,2025-10-09T15:07:00+13:00,24.2,-36.604874,174.789932,3,False
esp32_device_001,2025-10-09T15:07:00.833333+13:00,23.4,-36.604900,174.789963,3,True
esp32_device_001,2025-10-09T15:07:01.666667+13:00,22.7,-36.604878,174.790160,3,True
esp32_device_001,2025-10-09T15:07:02.500000+13:00,21.9,-36.604861,174.790365,3,True
esp32_device_001,2025-10-09T15:07:03.333333+13:00,21.2,-36.604857,174.790521,3,True
esp32_device_001,2025-10-09T15:07:04.166667+13:00,20.4,-36.604858,174.790656,3,True
esp32_device_001,2025-10-09T15:07:05+13:00,19.7,-36.604828,174.79071,3,False
esp32_device_001,2025-10-09T15:07:07.500000+13:00,18.1,-36.604893,174.791112,3,True
esp32_device_001,2025-10-09T15:07:10+13:00,16.6,-36.604908,174.791489,3,False
esp32_device_001,2025-10-09T15:07:12.500000+13:00,19.1,-36.604955,174.791624,3,True
esp32_device_001,2025-10-09T15:07:15+13:00,21.6,-36.604996,174.792221,3,False
esp32_device_001,2025-10-09T15:07:20+13:00,30,-36.605083,174.792908,3,False
esp32_device_001,2025-10-09T15:07:21.250000+13:00,31.7,-36.605117,174.792976,3,True
esp32_device_001,2025-10-09T15:07:22.500000+13:00,33.4,-36.605172,174.793455,3,True
esp32_device_001,2025-10-09T15:07:23.750000+13:00,35.0,-36.605180,174.793563,3,True
esp32_device_001,2025-10-09T15:07:25+13:00,36.7,-36.605152,174.793594,3,False
esp32_device_001,2025-10-09T15:07:26+13:00,37.9,-36.605186,174.793658,3,True
esp32_device_001,2025-10-09T15:07:27+13:00,39.0,-36.605184,174.793754,3,True
esp32_device_001,2025-10-09T15:07:28+13:00,40.2,-36.605175,174.793832,3,True
esp32_device_001,2025-10-09T15:07:29+13:00,41.3,-36.605161,174.793931,3,True
esp32_device_001,2025-10-09T15:07:30+13:00,42.5,-36.605053,174.794327,3,False
esp32_device_001,2025-10-09T15:07:32.500000+13:00,44.6,-36.604989,174.794807,3,True
esp32_device_001,2025-10-09T15:07:35+13:00,46.7,-36.604897,174.795105,3,False
esp32_device_001,2025-10-09T15:07:37+13:00,46.7,-36.604846,174.795514,3,True
esp32_device_001,2025-10-09T15:07:39+13:00,46.7,-36.604755,174.795973,3,True
esp32_device_001,2025-10-09T15:07:41+13:00,46.7,-36.604702,174.796112,3,False
esp32_device_001,2025-10-09T15:07:41.833333+13:00,46.7,-36.604700,174.796218,3,True
esp32_device_001,2025-10-09T15:07:42.666667+13:00,46.7,-36.604663,174.796340,3,True
esp32_device_001,2025-10-09T15:07:43.500000+13:00,46.7,-36.604641,174.796412,3,True
esp32_device_001,2025-10-09T15:07:44.333333+13:00,46.7,-36.604613,174.796482,3,True
esp32_device_001,2025-10-09T15:07:45.166667+13:00,46.7,-36.604561,174.796597,3,True
esp32_device_001,2025-10-09T15:07:46+13:00,46.7,-36.604401,174.796844,3,False
esp32_device_001,2025-10-09T15:07:48.500000+13:00,46.7,-36.604265,174.797153,3,True
esp32_device_001,2025-10-09T15:07:51+13:00,46.7,-36.604027,174.797531,3,False
esp32_device_001,2025-10-09T15:07:52.666667+13:00,46.7,-36.603838,174.797944,3,True
esp32_device_001,2025-10-09T15:07:54.333333+13:00,46.7,-36.603792,174.798029,3,True
esp32_device_001,2025-10-09T15:07:56+13:00,46.7,-36.603664,174.798187,3,False
esp32_device_001,2025-10-09T15:07:58+13:00,46.7,-36.603456,174.798650,3,True
esp32_device_001,2025-10-09T15:08:00+13:00,46.7,-36.603219,174.799100,3,True
esp32_device_001,2025-10-09T15:08:02+13:00,46.7,-36.603165,174.799204,3,True
esp32_device_001,2025-10-09T15:08:04+13:00,46.7,-36.603118,174.799312,3,True
esp32_device_001,2025-10-09T15:08:06+13:00,46.7,-36.603069,174.799393,3,False
esp32_device_001,2025-10-09T15:08:06.714286+13:00,46.7,-36.603082,174.799420,3,True
esp32_device_001,2025-10-09T15:08:07.428571+13:00,46.7,-36.603066,174.799538,3,True
esp32_device_001,2025-10-09T15:08:08.142857+13:00,46.7,-36.603065,174.799637,3,True
esp32_device_001,2025-10-09T15:08:08.857143+13:00,46.7,-36.603076,174.799733,3,True
esp32_device_001,2025-10-09T15:08:09.571429+13:00,46.7,-36.603092,174.799818,3,True
esp32_device_001,2025-10-09T15:08:10.285714+13:00,46.7,-36.603110,174.799895,3,True
esp32_device_001,2025-10-09T15:08:11+13:00,46.7,-36.603127,174.800064,3,False
esp32_device_001,2025-10-09T15:08:12.666667+13:00,46.7,-36.603160,174.800101,3,True
esp32_device_001,2025-10-09T15:08:14.333333+13:00,46.7,-36.603250,174.800456,3,True
esp32_device_001,2025-10-09T15:08:16+13:00,46.7,-36.603306,174.800797,3,False
esp32_device_001,2025-10-09T15:08:18.500000+13:00,46.7,-36.603379,174.801004,3,True
esp32_device_001,2025-10-09T15:08:21+13:00,46.7,-36.603411,174.801140,3,True
esp32_device_001,2025-10-09T15:08:23.500000+13:00,46.7,-36.603446,174.801282,3,True
esp32_device_001,2025-10-09T15:08:26+13:00,46.7,-36.603611,174.802048,3,False
esp32_device_001,2025-10-09T15:08:31+13:00,46.7,-36.603653,174.802185,3,False
esp32_device_001,2025-10-09T15:08:32.428571+13:00,46.7,-36.603695,174.802307,3,True
esp32_device_001,2025-10-09T15:08:33.857143+13:00,46.7,-36.603749,174.802281,3,True
esp32_device_001,2025-10-09T15:08:35.285714+13:00,46.7,-36.603801,174.802271,3,True
esp32_device_001,2025-10-09T15:08:36.714286+13:00,46.7,-36.603918,174.802283,3,True
esp32_device_001,2025-10-09T15:08:38.142857+13:00,46.7,-36.604083,174.802380,3,True
esp32_device_001,2025-10-09T15:08:39.571429+13:00,46.7,-36.604346,174.802540,3,True
esp32_device_001,2025-10-09T15:08:41+13:00,46.7,-36.604355,174.802567,3,False
