dev_esp32,timestamp,altitude,latitude,longitude,journey_id
esp32_device_001,2026-04-29T08:55:58+12:00,53.1,-36.60482,174.80275,1
esp32_device_001,2026-04-29T09:10:47+12:00,54,-36.604607,174.802719,1
esp32_device_001,2026-04-29T09:10:52+12:00,52.3,-36.604298,174.802521,1
esp32_device_001,2026-04-29T09:10:57+12:00,51.7,-36.603901,174.802277,1
esp32_device_001,2026-04-29T09:11:02+12:00,51.5,-36.603664,174.802139,1
esp32_device_001,2026-04-29T09:11:07+12:00,51.3,-36.603554,174.801819,1
esp32_device_001,2026-04-29T09:11:12+12:00,52,-36.60342,174.801224,1
esp32_device_001,2026-04-29T09:11:17+12:00,52.6,-36.603237,174.800476,1
esp32_device_001,2026-04-29T09:11:22+12:00,53.1,-36.603069,174.799713,1
esp32_device_001,2026-04-29T09:11:27+12:00,52.3,-36.603249,174.799026,1
esp32_device_001,2026-04-29T09:11:32+12:00,50.5,-36.603611,174.79837,1
esp32_device_001,2026-04-29T09:11:37+12:00,50.9,-36.603981,174.797684,1
esp32_device_001,2026-04-29T09:11:42+12:00,52,-36.604355,174.797012,1
esp32_device_001,2026-04-29T09:11:47+12:00,50.8,-36.604664,174.796341,1
esp32_device_001,2026-04-29T09:11:52+12:00,49.3,-36.604832,174.795593,1
esp32_device_001,2026-04-29T09:11:57+12:00,45.1,-36.604984,174.794846,1
esp32_device_001,2026-04-29T09:12:02+12:00,39.9,-36.605125,174.794128,1
esp32_device_001,2026-04-29T09:12:07+12:00,32.8,-36.605167,174.793396,1
esp32_device_001,2026-04-29T09:12:12+12:00,23.6,-36.605072,174.792664,1
esp32_device_001,2026-04-29T09:12:17+12:00,14.5,-36.604973,174.791855,1
esp32_device_001,2026-04-29T09:12:22+12:00,16.3,-36.604874,174.790985,1
esp32_device_001,2026-04-29T09:12:27+12:00,20.8,-36.604866,174.790161,1
esp32_device_001,2026-04-29T09:12:32+12:00,24.2,-36.60495,174.789536,1
esp32_device_001,2026-04-29T09:12:37+12:00,26,-36.604988,174.789215,1
esp32_device_001,2026-04-29T09:12:42+12:00,25.4,-36.605034,174.788818,1
esp32_device_001,2026-04-29T09:12:47+12:00,29.4,-36.605106,174.788223,1
esp32_device_001,2026-04-29T09:12:52+12:00,35.2,-36.605198,174.787521,1
esp32_device_001,2026-04-29T09:12:57+12:00,41.5,-36.605316,174.786835,1
esp32_device_001,2026-04-29T09:13:02+12:00,46.9,-36.60564,174.78624,1
esp32_device_001,2026-04-29T09:13:07+12:00,53.1,-36.60614,174.785782,1
esp32_device_001,2026-04-29T09:13:12+12:00,59.8,-36.606644,174.785339,1
esp32_device_001,2026-04-29T09:13:17+12:00,64.5,-36.607132,174.784897,1
esp32_device_001,2026-04-29T09:13:22+12:00,67.9,-36.607647,174.784454,1
esp32_device_001,2026-04-29T09:13:27+12:00,64.2,-36.608158,174.783997,1
esp32_device_001,2026-04-29T09:13:32+12:00,62.5,-36.608719,174.783493,1
esp32_device_001,2026-04-29T09:13:37+12:00,64.6,-36.609261,174.78299,1
esp32_device_001,2026-04-29T09:13:42+12:00,66.3,-36.609638,174.782349,1
esp32_device_001,2026-04-29T09:13:47+12:00,68.1,-36.60989,174.781601,1
esp32_device_001,2026-04-29T09:13:52+12:00,72.6,-36.610188,174.780884,1
esp32_device_001,2026-04-29T09:13:57+12:00,76.8,-36.610714,174.780472,1
esp32_device_001,2026-04-29T09:14:02+12:00,79.7,-36.61124,174.780182,1
esp32_device_001,2026-04-29T09:14:07+12:00,81,-36.611443,174.779999,1
esp32_device_001,2026-04-29T09:14:12+12:00,82,-36.611496,174.779938,1
esp32_device_001,2026-04-29T09:14:17+12:00,82.4,-36.611553,174.779861,1
esp32_device_001,2026-04-29T09:14:22+12:00,81.5,-36.611759,174.779663,1
esp32_device_001,2026-04-29T09:14:27+12:00,80.4,-36.611809,174.779236,1
esp32_device_001,2026-04-29T09:14:32+12:00,79.3,-36.61195,174.778534,1
esp32_device_001,2026-04-29T09:14:37+12:00,77.7,-36.61219,174.777756,1
esp32_device_001,2026-04-29T09:14:42+12:00,78.1,-36.612507,174.7771,1
esp32_device_001,2026-04-29T09:14:47+12:00,78.5,-36.612804,174.776489,1
esp32_device_001,2026-04-29T09:14:52+12:00,78.9,-36.613117,174.775879,1
esp32_device_001,2026-04-29T09:14:57+12:00,81.1,-36.613514,174.775345,1
esp32_device_001,2026-04-29T09:15:02+12:00,82,-36.614075,174.775009,1
esp32_device_001,2026-04-29T09:15:07+12:00,80.7,-36.614719,174.774963,1
esp32_device_001,2026-04-29T09:15:12+12:00,81.6,-36.615395,174.774887,1
esp32_device_001,2026-04-29T09:15:17+12:00,80.6,-36.615974,174.774567,1
esp32_device_001,2026-04-29T09:15:22+12:00,79.5,-36.616501,174.774216,1
esp32_device_001,2026-04-29T09:15:27+12:00,73.4,-36.6171,174.774002,1
esp32_device_001,2026-04-29T09:15:32+12:00,67.7,-36.617729,174.774033,1
esp32_device_001,2026-04-29T09:15:37+12:00,62.4,-36.618366,174.774033,1
esp32_device_001,2026-04-29T09:15:42+12:00,55.2,-36.618969,174.773987,1
esp32_device_001,2026-04-29T09:15:47+12:00,48.8,-36.619537,174.773788,1
esp32_device_001,2026-04-29T09:15:52+12:00,42.3,-36.62014,174.773666,1
esp32_device_001,2026-04-29T09:15:57+12:00,36,-36.620754,174.773544,1
esp32_device_001,2026-04-29T09:16:02+12:00,32.7,-36.621231,174.773117,1
esp32_device_001,2026-04-29T09:16:07+12:00,26.1,-36.621658,174.772507,1
esp32_device_001,2026-04-29T09:16:12+12:00,29.2,-36.622166,174.772003,1
esp32_device_001,2026-04-29T09:16:17+12:00,31.8,-36.622639,174.77153,1
esp32_device_001,2026-04-29T09:16:22+12:00,36.3,-36.623116,174.771042,1
esp32_device_001,2026-04-29T09:16:27+12:00,39.5,-36.623611,174.770538,1
esp32_device_001,2026-04-29T09:16:32+12:00,43.1,-36.624115,174.77005,1
esp32_device_001,2026-04-29T09:16:37+12:00,46.5,-36.624683,174.769791,1
esp32_device_001,2026-04-29T09:16:42+12:00,47.7,-36.62529,174.769653,1
esp32_device_001,2026-04-29T09:16:47+12:00,46.6,-36.625874,174.769516,1
esp32_device_001,2026-04-29T09:16:52+12:00,44.9,-36.626472,174.769379,1
esp32_device_001,2026-04-29T09:16:57+12:00,42.6,-36.627087,174.769272,1
esp32_device_001,2026-04-29T09:17:02+12:00,40,-36.627701,174.769196,1
esp32_device_001,2026-04-29T09:17:07+12:00,39.1,-36.628189,174.76889,1
esp32_device_001,2026-04-29T09:17:12+12:00,36.7,-36.628448,174.76828,1
esp32_device_001,2026-04-29T09:17:17+12:00,36.8,-36.628872,174.767761,1
esp32_device_001,2026-04-29T09:17:22+12:00,40.2,-36.629436,174.76741,1
esp32_device_001,2026-04-29T09:17:27+12:00,41.8,-36.629898,174.766922,1
esp32_device_001,2026-04-29T09:17:32+12:00,39.7,-36.630138,174.76622,1
esp32_device_001,2026-04-29T09:17:37+12:00,36.5,-36.630394,174.765503,1
esp32_device_001,2026-04-29T09:17:42+12:00,32.6,-36.630707,174.764816,1
esp32_device_001,2026-04-29T09:17:47+12:00,30.2,-36.630997,174.764236,1
esp32_device_001,2026-04-29T09:17:52+12:00,28.5,-36.631405,174.763885,1
esp32_device_001,2026-04-29T09:17:57+12:00,25.9,-36.631977,174.763779,1
esp32_device_001,2026-04-29T09:18:02+12:00,23.4,-36.632572,174.763718,1
esp32_device_001,2026-04-29T09:18:07+12:00,20.5,-36.633179,174.763641,1
esp32_device_001,2026-04-29T09:18:12+12:00,18.2,-36.633812,174.76355,1
esp32_device_001,2026-04-29T09:18:17+12:00,16.8,-36.634453,174.763458,1
esp32_device_001,2026-04-29T09:18:22+12:00,17.3,-36.635029,174.763245,1
esp32_device_001,2026-04-29T09:18:27+12:00,17.7,-36.635464,174.762848,1
esp32_device_001,2026-04-29T09:18:32+12:00,18.3,-36.63588,174.762558,1
esp32_device_001,2026-04-29T09:18:37+12:00,19.2,-36.636318,174.762238,1
esp32_device_001,2026-04-29T09:18:42+12:00,16,-36.636822,174.761887,1
esp32_device_001,2026-04-29T09:18:47+12:00,16.7,-36.637325,174.761505,1
esp32_device_001,2026-04-29T09:18:52+12:00,17.6,-36.637711,174.761139,1
esp32_device_001,2026-04-29T09:18:57+12:00,15.1,-36.638031,174.760605,1
esp32_device_001,2026-04-29T09:19:02+12:00,14,-36.638367,174.76001,1
esp32_device_001,2026-04-29T09:19:07+12:00,16.7,-36.638706,174.75943,1
esp32_device_001,2026-04-29T09:19:12+12:00,19.4,-36.639042,174.758835,1
esp32_device_001,2026-04-29T09:19:17+12:00,24.9,-36.639511,174.758331,1
esp32_device_001,2026-04-29T09:19:22+12:00,29.7,-36.640083,174.75798,1
esp32_device_001,2026-04-29T09:19:27+12:00,36,-36.640633,174.75766,1
esp32_device_001,2026-04-29T09:19:32+12:00,38.4,-36.64098,174.757233,1
esp32_device_001,2026-04-29T09:19:37+12:00,38,-36.640934,174.756699,1
esp32_device_001,2026-04-29T09:19:42+12:00,38.4,-36.640842,174.756516,1
esp32_device_001,2026-04-29T09:19:47+12:00,39,-36.640812,174.756454,1
esp32_device_001,2026-04-29T09:19:52+12:00,40.2,-36.640766,174.756363,1
esp32_device_001,2026-04-29T09:19:57+12:00,40.8,-36.640701,174.756241,1
esp32_device_001,2026-04-29T09:20:02+12:00,40.5,-36.640617,174.756088,1
esp32_device_001,2026-04-29T09:20:07+12:00,40.2,-36.640507,174.755859,1
esp32_device_001,2026-04-29T09:20:12+12:00,40.1,-36.64035,174.755539,1
esp32_device_001,2026-04-29T09:20:17+12:00,39.7,-36.640186,174.755219,1
esp32_device_001,2026-04-29T09:20:22+12:00,40.2,-36.640057,174.754959,1
esp32_device_001,2026-04-29T09:20:27+12:00,41.6,-36.63995,174.754745,1
esp32_device_001,2026-04-29T09:20:32+12:00,42.4,-36.639843,174.754547,1
esp32_device_001,2026-04-29T09:20:37+12:00,44.9,-36.63969,174.754242,1
esp32_device_001,2026-04-29T09:20:42+12:00,47.3,-36.639576,174.754013,1
esp32_device_001,2026-04-29T09:20:47+12:00,48.4,-36.639477,174.75383,1
esp32_device_001,2026-04-29T09:20:52+12:00,49.4,-36.639317,174.753601,1
esp32_device_001,2026-04-29T09:21:22+12:00,53,-36.639164,174.753357,1
esp32_device_001,2026-04-29T09:21:27+12:00,54.6,-36.639034,174.753159,1
esp32_device_001,2026-04-29T09:21:32+12:00,55.5,-36.638916,174.75296,1
esp32_device_001,2026-04-29T09:21:37+12:00,56.2,-36.638832,174.752808,1
esp32_device_001,2026-04-29T09:21:42+12:00,55.9,-36.638756,174.75267,1
esp32_device_001,2026-04-29T09:21:47+12:00,55.4,-36.63868,174.752533,1
esp32_device_001,2026-04-29T09:21:52+12:00,54.9,-36.638557,174.752319,1
esp32_device_001,2026-04-29T09:21:57+12:00,54.2,-36.638443,174.752106,1
esp32_device_001,2026-04-29T09:22:02+12:00,51.9,-36.638348,174.751938,1
esp32_device_001,2026-04-29T09:22:32+12:00,49.6,-36.638161,174.751617,1
esp32_device_001,2026-04-29T09:22:37+12:00,49.5,-36.638042,174.751404,1
esp32_device_001,2026-04-29T09:22:42+12:00,47.7,-36.63789,174.751129,1
esp32_device_001,2026-04-29T09:22:47+12:00,47.5,-36.637695,174.750763,1
esp32_device_001,2026-04-29T09:22:52+12:00,51.3,-36.637466,174.750351,1
esp32_device_001,2026-04-29T09:22:57+12:00,54.9,-36.637253,174.749954,1
esp32_device_001,2026-04-29T09:23:02+12:00,57.6,-36.637043,174.749588,1
esp32_device_001,2026-04-29T09:23:22+12:00,58.3,-36.63681,174.749161,1
esp32_device_001,2026-04-29T09:23:47+12:00,57.7,-36.636608,174.748825,1
esp32_device_001,2026-04-29T09:23:52+12:00,58.2,-36.636395,174.748611,1
esp32_device_001,2026-04-29T09:23:57+12:00,56.8,-36.636112,174.748383,1
esp32_device_001,2026-04-29T09:24:02+12:00,52.1,-36.635784,174.748062,1
esp32_device_001,2026-04-29T09:24:07+12:00,48.2,-36.635468,174.747635,1
esp32_device_001,2026-04-29T09:24:12+12:00,41.9,-36.635239,174.747055,1
esp32_device_001,2026-04-29T09:24:17+12:00,35.5,-36.635197,174.746414,1
esp32_device_001,2026-04-29T09:24:22+12:00,32.5,-36.63517,174.745712,1
esp32_device_001,2026-04-29T09:24:27+12:00,29.3,-36.635136,174.74498,1
esp32_device_001,2026-04-29T09:24:32+12:00,24.7,-36.635105,174.744324,1
esp32_device_001,2026-04-29T09:24:37+12:00,20.7,-36.635078,174.743759,1
esp32_device_001,2026-04-29T09:24:42+12:00,17.3,-36.635052,174.743088,1
esp32_device_001,2026-04-29T09:24:47+12:00,15.6,-36.635017,174.742386,1
esp32_device_001,2026-04-29T09:24:52+12:00,14.5,-36.634987,174.741669,1
esp32_device_001,2026-04-29T09:24:57+12:00,14.2,-36.634888,174.740936,1
esp32_device_001,2026-04-29T09:25:02+12:00,16,-36.634655,174.740234,1
esp32_device_001,2026-04-29T09:25:07+12:00,20.9,-36.634258,174.739655,1
esp32_device_001,2026-04-29T09:25:12+12:00,24.5,-36.633781,174.739151,1
esp32_device_001,2026-04-29T09:25:17+12:00,29.4,-36.633327,174.738693,1
esp32_device_001,2026-04-29T09:25:22+12:00,33.6,-36.632885,174.738251,1
esp32_device_001,2026-04-29T09:25:27+12:00,38.3,-36.632442,174.737793,1
esp32_device_001,2026-04-29T09:25:32+12:00,43.1,-36.632042,174.737244,1
esp32_device_001,2026-04-29T09:25:37+12:00,49.3,-36.63166,174.736664,1
esp32_device_001,2026-04-29T09:25:42+12:00,53.1,-36.631279,174.736053,1
esp32_device_001,2026-04-29T09:25:47+12:00,54.9,-36.631008,174.735352,1
esp32_device_001,2026-04-29T09:25:52+12:00,55.9,-36.630787,174.734711,1
esp32_device_001,2026-04-29T09:25:57+12:00,52.4,-36.630436,174.734161,1
esp32_device_001,2026-04-29T09:26:02+12:00,46.2,-36.629997,174.733612,1
esp32_device_001,2026-04-29T09:26:07+12:00,40,-36.629608,174.733139,1
esp32_device_001,2026-04-29T09:26:12+12:00,32.5,-36.629234,174.732712,1
esp32_device_001,2026-04-29T09:26:17+12:00,26.9,-36.628902,174.732178,1
esp32_device_001,2026-04-29T09:26:22+12:00,25,-36.628616,174.731552,1
esp32_device_001,2026-04-29T09:26:27+12:00,25.6,-36.628345,174.730942,1
esp32_device_001,2026-04-29T09:26:32+12:00,32,-36.628128,174.730331,1
esp32_device_001,2026-04-29T09:26:37+12:00,36.6,-36.628021,174.729675,1
esp32_device_001,2026-04-29T09:26:42+12:00,42,-36.627945,174.728989,1
esp32_device_001,2026-04-29T09:26:47+12:00,46.4,-36.627766,174.728302,1
esp32_device_001,2026-04-29T09:26:52+12:00,51.1,-36.627331,174.727753,1
esp32_device_001,2026-04-29T09:26:57+12:00,56.5,-36.626865,174.727249,1
esp32_device_001,2026-04-29T09:27:02+12:00,62.1,-36.626556,174.726669,1
esp32_device_001,2026-04-29T09:27:07+12:00,65.6,-36.626511,174.726212,1
esp32_device_001,2026-04-29T09:27:12+12:00,68.2,-36.626503,174.725677,1
esp32_device_001,2026-04-29T09:27:17+12:00,70.5,-36.62648,174.724991,1
esp32_device_001,2026-04-29T09:27:22+12:00,73.2,-36.626453,174.724213,1
esp32_device_001,2026-04-29T09:27:27+12:00,76.8,-36.626354,174.723495,1
esp32_device_001,2026-04-29T09:27:32+12:00,78.2,-36.625988,174.7229,1
esp32_device_001,2026-04-29T09:27:37+12:00,79.4,-36.625584,174.722412,1
esp32_device_001,2026-04-29T09:27:42+12:00,80.2,-36.625076,174.722275,1
esp32_device_001,2026-04-29T09:27:47+12:00,80.4,-36.624554,174.722183,1
esp32_device_001,2026-04-29T09:27:52+12:00,76.9,-36.624142,174.721695,1
esp32_device_001,2026-04-29T09:27:57+12:00,74,-36.623821,174.721085,1
esp32_device_001,2026-04-29T09:28:02+12:00,71.2,-36.623516,174.720459,1
esp32_device_001,2026-04-29T09:28:07+12:00,65.7,-36.62299,174.720123,1
esp32_device_001,2026-04-29T09:28:12+12:00,61.3,-36.622429,174.719788,1
esp32_device_001,2026-04-29T09:28:17+12:00,57.7,-36.621983,174.719269,1
esp32_device_001,2026-04-29T09:28:22+12:00,54.7,-36.621609,174.718597,1
esp32_device_001,2026-04-29T09:28:27+12:00,48.4,-36.621193,174.717834,1
esp32_device_001,2026-04-29T09:28:32+12:00,48.1,-36.620598,174.717255,1
esp32_device_001,2026-04-29T09:28:37+12:00,50.4,-36.619965,174.716934,1
esp32_device_001,2026-04-29T09:28:42+12:00,49.8,-36.619415,174.716644,1
esp32_device_001,2026-04-29T09:28:47+12:00,50.8,-36.618927,174.716171,1
esp32_device_001,2026-04-29T09:28:52+12:00,51.1,-36.618572,174.715607,1
esp32_device_001,2026-04-29T09:28:57+12:00,53.2,-36.618217,174.715027,1
esp32_device_001,2026-04-29T09:29:02+12:00,54.8,-36.617737,174.714508,1
esp32_device_001,2026-04-29T09:29:07+12:00,58.3,-36.617245,174.714188,1
esp32_device_001,2026-04-29T09:29:12+12:00,59.5,-36.616714,174.713898,1
esp32_device_001,2026-04-29T09:29:17+12:00,60.1,-36.616165,174.713577,1
esp32_device_001,2026-04-29T09:29:22+12:00,60.6,-36.615604,174.713318,1
esp32_device_001,2026-04-29T09:29:27+12:00,61.4,-36.615101,174.71315,1
esp32_device_001,2026-04-29T09:29:32+12:00,61.2,-36.614716,174.71312,1
esp32_device_001,2026-04-29T09:29:37+12:00,59.8,-36.614555,174.71312,1
esp32_device_001,2026-04-29T09:29:42+12:00,59.9,-36.614513,174.71312,1
esp32_device_001,2026-04-29T09:29:47+12:00,51.4,-36.614342,174.71315,1
esp32_device_001,2026-04-29T09:29:52+12:00,49.2,-36.613979,174.713196,1
esp32_device_001,2026-04-29T09:29:57+12:00,50.6,-36.613552,174.713257,1
esp32_device_001,2026-04-29T09:30:02+12:00,51.4,-36.613178,174.713257,1
esp32_device_001,2026-04-29T09:30:07+12:00,54.9,-36.612797,174.713089,1
esp32_device_001,2026-04-29T09:30:12+12:00,60.9,-36.612476,174.712753,1
esp32_device_001,2026-04-29T09:30:17+12:00,65.3,-36.612179,174.712311,1
esp32_device_001,2026-04-29T09:30:22+12:00,70.5,-36.611828,174.711792,1
esp32_device_001,2026-04-29T09:30:27+12:00,74.3,-36.611462,174.711227,1
esp32_device_001,2026-04-29T09:30:32+12:00,76.6,-36.611115,174.710693,1
esp32_device_001,2026-04-29T09:30:37+12:00,75.5,-36.611042,174.710007,1
esp32_device_001,2026-04-29T09:30:42+12:00,68.3,-36.611195,174.709274,1
esp32_device_001,2026-04-29T09:30:47+12:00,60.7,-36.61137,174.708466,1
esp32_device_001,2026-04-29T09:30:52+12:00,54,-36.611557,174.707626,1
esp32_device_001,2026-04-29T09:30:57+12:00,50.1,-36.611538,174.706757,1
esp32_device_001,2026-04-29T09:31:02+12:00,49.6,-36.611168,174.706009,1
esp32_device_001,2026-04-29T09:31:07+12:00,48.6,-36.610775,174.705307,1
esp32_device_001,2026-04-29T09:31:12+12:00,46.6,-36.610531,174.704529,1
esp32_device_001,2026-04-29T09:31:17+12:00,45.2,-36.610413,174.703735,1
esp32_device_001,2026-04-29T09:31:22+12:00,43.9,-36.610596,174.702957,1
esp32_device_001,2026-04-29T09:31:27+12:00,40.7,-36.610889,174.702209,1
esp32_device_001,2026-04-29T09:31:32+12:00,36.7,-36.611137,174.70137,1
esp32_device_001,2026-04-29T09:31:37+12:00,36,-36.611279,174.700516,1
esp32_device_001,2026-04-29T09:31:42+12:00,35.5,-36.611393,174.699783,1
esp32_device_001,2026-04-29T09:31:47+12:00,32.6,-36.6115,174.699051,1
esp32_device_001,2026-04-29T09:31:52+12:00,27.6,-36.611618,174.698242,1
esp32_device_001,2026-04-29T09:31:57+12:00,24.3,-36.611755,174.697433,1
esp32_device_001,2026-04-29T09:32:02+12:00,24.9,-36.611893,174.696671,1
esp32_device_001,2026-04-29T09:32:07+12:00,28,-36.612026,174.695969,1
esp32_device_001,2026-04-29T09:32:12+12:00,29.8,-36.612167,174.695236,1
esp32_device_001,2026-04-29T09:32:17+12:00,28.9,-36.612335,174.694489,1
esp32_device_001,2026-04-29T09:32:22+12:00,27.8,-36.612541,174.693741,1
esp32_device_001,2026-04-29T09:32:27+12:00,28.9,-36.61274,174.693039,1
esp32_device_001,2026-04-29T09:32:32+12:00,32.4,-36.612926,174.692352,1
esp32_device_001,2026-04-29T09:32:37+12:00,38.1,-36.613152,174.691727,1
esp32_device_001,2026-04-29T09:32:42+12:00,42.8,-36.61348,174.691147,1
esp32_device_001,2026-04-29T09:32:47+12:00,46.2,-36.6138,174.690491,1
esp32_device_001,2026-04-29T09:32:52+12:00,47,-36.613934,174.689636,1
esp32_device_001,2026-04-29T09:32:57+12:00,49.4,-36.613834,174.688736,1
esp32_device_001,2026-04-29T09:33:02+12:00,53.6,-36.613701,174.687943,1
esp32_device_001,2026-04-29T09:33:07+12:00,57.8,-36.613655,174.687195,1
esp32_device_001,2026-04-29T09:33:12+12:00,56,-36.613705,174.686386,1
esp32_device_001,2026-04-29T09:33:17+12:00,51.2,-36.61375,174.685501,1
esp32_device_001,2026-04-29T09:33:22+12:00,49.3,-36.614021,174.684662,1
esp32_device_001,2026-04-29T09:33:27+12:00,49.2,-36.614422,174.683929,1
esp32_device_001,2026-04-29T09:33:32+12:00,48.9,-36.614838,174.683212,1
esp32_device_001,2026-04-29T09:33:37+12:00,48.6,-36.615265,174.682526,1
esp32_device_001,2026-04-29T09:33:42+12:00,48.2,-36.615692,174.681854,1
esp32_device_001,2026-04-29T09:33:47+12:00,46,-36.616055,174.681122,1
esp32_device_001,2026-04-29T09:33:52+12:00,42.5,-36.61639,174.680405,1
esp32_device_001,2026-04-29T09:33:57+12:00,37.8,-36.616795,174.679718,1
esp32_device_001,2026-04-29T09:34:02+12:00,30.7,-36.617256,174.679077,1
esp32_device_001,2026-04-29T09:34:07+12:00,23,-36.617783,174.678482,1
esp32_device_001,2026-04-29T09:34:12+12:00,16.3,-36.618328,174.677872,1
esp32_device_001,2026-04-29T09:34:17+12:00,13.6,-36.618866,174.677231,1
esp32_device_001,2026-04-29T09:34:22+12:00,12.6,-36.619324,174.676559,1
esp32_device_001,2026-04-29T09:34:27+12:00,12.5,-36.619766,174.675888,1
esp32_device_001,2026-04-29T09:34:32+12:00,16,-36.620235,174.675201,1
esp32_device_001,2026-04-29T09:34:37+12:00,20.7,-36.620594,174.674606,1
esp32_device_001,2026-04-29T09:34:42+12:00,22.1,-36.620804,174.674164,1
esp32_device_001,2026-04-29T09:34:47+12:00,22.4,-36.620991,174.673721,1
esp32_device_001,2026-04-29T09:34:52+12:00,22.9,-36.621185,174.673218,1
esp32_device_001,2026-04-29T09:34:57+12:00,23.2,-36.621372,174.672684,1
esp32_device_001,2026-04-29T09:35:02+12:00,22.9,-36.62151,174.672272,1
esp32_device_001,2026-04-29T09:36:12+12:00,28.2,-36.621647,174.671738,1
esp32_device_001,2026-04-29T09:36:17+12:00,25.9,-36.621819,174.671112,1
esp32_device_001,2026-04-29T09:36:22+12:00,23.3,-36.622044,174.670319,1
esp32_device_001,2026-04-29T09:36:27+12:00,22,-36.622318,174.66951,1
esp32_device_001,2026-04-29T09:36:32+12:00,21.9,-36.622646,174.668777,1
esp32_device_001,2026-04-29T09:36:37+12:00,21.7,-36.623016,174.668091,1
esp32_device_001,2026-04-29T09:36:42+12:00,21.2,-36.623413,174.667374,1
esp32_device_001,2026-04-29T09:36:47+12:00,20.9,-36.623821,174.666626,1
esp32_device_001,2026-04-29T09:36:52+12:00,20.5,-36.624226,174.665848,1
esp32_device_001,2026-04-29T09:36:57+12:00,23.8,-36.624592,174.665039,1
esp32_device_001,2026-04-29T09:37:02+12:00,27.2,-36.624981,174.664322,1
esp32_device_001,2026-04-29T09:37:07+12:00,28.4,-36.625446,174.663651,1
esp32_device_001,2026-04-29T09:37:12+12:00,27.5,-36.626152,174.663239,1
esp32_device_001,2026-04-29T09:37:17+12:00,22.4,-36.627075,174.663132,1
esp32_device_001,2026-04-29T09:37:22+12:00,20.3,-36.628113,174.66304,1
esp32_device_001,2026-04-29T09:37:27+12:00,20.3,-36.629185,174.66301,1
esp32_device_001,2026-04-29T09:37:32+12:00,21.7,-36.630276,174.662964,1
esp32_device_001,2026-04-29T09:37:37+12:00,23.3,-36.631374,174.662918,1
esp32_device_001,2026-04-29T09:37:42+12:00,25,-36.632481,174.662903,1
esp32_device_001,2026-04-29T09:37:47+12:00,27.8,-36.633598,174.662888,1
esp32_device_001,2026-04-29T09:37:52+12:00,31,-36.634735,174.662888,1
esp32_device_001,2026-04-29T09:37:57+12:00,34,-36.635902,174.662872,1
esp32_device_001,2026-04-29T09:38:02+12:00,36.6,-36.637074,174.662872,1
esp32_device_001,2026-04-29T09:38:07+12:00,38.9,-36.638222,174.662857,1
esp32_device_001,2026-04-29T09:38:12+12:00,40.7,-36.639355,174.662842,1
esp32_device_001,2026-04-29T09:38:17+12:00,42.3,-36.640491,174.662827,1
esp32_device_001,2026-04-29T09:38:22+12:00,44.2,-36.64164,174.662811,1
esp32_device_001,2026-04-29T09:38:27+12:00,45.8,-36.642784,174.662796,1
esp32_device_001,2026-04-29T09:38:32+12:00,47.6,-36.64394,174.662781,1
esp32_device_001,2026-04-29T09:38:37+12:00,49.7,-36.645115,174.662766,1
esp32_device_001,2026-04-29T09:38:42+12:00,52.2,-36.646301,174.66275,1
esp32_device_001,2026-04-29T09:38:47+12:00,54.2,-36.647488,174.662766,1
esp32_device_001,2026-04-29T09:38:52+12:00,56.4,-36.64864,174.662842,1
esp32_device_001,2026-04-29T09:38:57+12:00,58.6,-36.649788,174.662979,1
esp32_device_001,2026-04-29T09:39:02+12:00,59.3,-36.650879,174.663193,1
esp32_device_001,2026-04-29T09:39:07+12:00,61,-36.651897,174.663467,1
esp32_device_001,2026-04-29T09:39:12+12:00,62.6,-36.65287,174.663803,1
esp32_device_001,2026-04-29T09:39:17+12:00,62.8,-36.653809,174.664169,1
esp32_device_001,2026-04-29T09:39:22+12:00,62.1,-36.654739,174.664597,1
esp32_device_001,2026-04-29T09:39:27+12:00,60.6,-36.655685,174.6651,1
esp32_device_001,2026-04-29T09:39:32+12:00,59.3,-36.656662,174.66568,1
esp32_device_001,2026-04-29T09:39:37+12:00,58.3,-36.65765,174.666336,1
esp32_device_001,2026-04-29T09:39:42+12:00,57.4,-36.658638,174.667084,1
esp32_device_001,2026-04-29T09:39:47+12:00,56.6,-36.659637,174.667938,1
esp32_device_001,2026-04-29T09:39:52+12:00,56.2,-36.66061,174.668869,1
esp32_device_001,2026-04-29T09:39:57+12:00,56,-36.661545,174.669876,1
esp32_device_001,2026-04-29T09:40:02+12:00,55.7,-36.662434,174.670929,1
esp32_device_001,2026-04-29T09:40:07+12:00,55.5,-36.663258,174.672058,1
esp32_device_001,2026-04-29T09:40:12+12:00,55.4,-36.664047,174.673203,1
esp32_device_001,2026-04-29T09:40:17+12:00,56,-36.664837,174.674347,1
esp32_device_001,2026-04-29T09:40:22+12:00,56.9,-36.665623,174.675507,1
esp32_device_001,2026-04-29T09:40:27+12:00,57.8,-36.666412,174.676651,1
esp32_device_001,2026-04-29T09:40:32+12:00,58.5,-36.667202,174.677811,1
esp32_device_001,2026-04-29T09:40:37+12:00,60.4,-36.668007,174.678955,1
esp32_device_001,2026-04-29T09:40:42+12:00,61.2,-36.668869,174.680038,1
esp32_device_001,2026-04-29T09:40:47+12:00,63.5,-36.669807,174.68103,1
esp32_device_001,2026-04-29T09:40:52+12:00,64.2,-36.670803,174.6819,1
esp32_device_001,2026-04-29T09:40:57+12:00,64.6,-36.67186,174.682663,1
esp32_device_001,2026-04-29T09:41:02+12:00,64.2,-36.672966,174.683319,1
esp32_device_001,2026-04-29T09:41:07+12:00,60.9,-36.674118,174.683914,1
esp32_device_001,2026-04-29T09:41:12+12:00,55.4,-36.675228,174.684662,1
esp32_device_001,2026-04-29T09:41:17+12:00,49.2,-36.676258,174.685593,1
esp32_device_001,2026-04-29T09:41:22+12:00,45.2,-36.677162,174.686691,1
esp32_device_001,2026-04-29T09:41:27+12:00,39.9,-36.677933,174.687866,1
esp32_device_001,2026-04-29T09:41:32+12:00,35.1,-36.678566,174.689117,1
esp32_device_001,2026-04-29T09:41:37+12:00,31.7,-36.67907,174.690445,1
esp32_device_001,2026-04-29T09:41:42+12:00,32.2,-36.679451,174.691879,1
esp32_device_001,2026-04-29T09:41:47+12:00,33.5,-36.679821,174.693329,1
esp32_device_001,2026-04-29T09:41:52+12:00,33.7,-36.680325,174.694748,1
esp32_device_001,2026-04-29T09:41:57+12:00,32.9,-36.680992,174.69606,1
esp32_device_001,2026-04-29T09:42:02+12:00,30.2,-36.681812,174.69725,1
esp32_device_001,2026-04-29T09:42:07+12:00,27.9,-36.682747,174.698303,1
esp32_device_001,2026-04-29T09:42:12+12:00,26,-36.683716,174.699295,1
esp32_device_001,2026-04-29T09:42:17+12:00,26,-36.684681,174.700241,1
esp32_device_001,2026-04-29T09:42:22+12:00,26,-36.685722,174.701065,1
esp32_device_001,2026-04-29T09:42:27+12:00,25.5,-36.686817,174.701767,1
esp32_device_001,2026-04-29T09:42:32+12:00,26,-36.687965,174.702347,1
esp32_device_001,2026-04-29T09:42:37+12:00,25.7,-36.689148,174.702805,1
esp32_device_001,2026-04-29T09:42:42+12:00,26.2,-36.690357,174.70311,1
esp32_device_001,2026-04-29T09:42:47+12:00,27.5,-36.691589,174.703339,1
esp32_device_001,2026-04-29T09:42:52+12:00,28.5,-36.692822,174.703568,1
esp32_device_001,2026-04-29T09:42:57+12:00,29.8,-36.69405,174.703781,1
esp32_device_001,2026-04-29T09:43:02+12:00,30.3,-36.695213,174.703979,1
esp32_device_001,2026-04-29T09:43:07+12:00,32.2,-36.696354,174.704178,1
esp32_device_001,2026-04-29T09:43:12+12:00,35.6,-36.69751,174.704391,1
esp32_device_001,2026-04-29T09:43:17+12:00,40.6,-36.698685,174.70459,1
esp32_device_001,2026-04-29T09:43:22+12:00,45.3,-36.699863,174.704803,1
esp32_device_001,2026-04-29T09:43:27+12:00,51.6,-36.701069,174.705032,1
esp32_device_001,2026-04-29T09:43:32+12:00,57.7,-36.70229,174.705246,1
esp32_device_001,2026-04-29T09:43:37+12:00,64.6,-36.703518,174.70546,1
esp32_device_001,2026-04-29T09:43:42+12:00,71.2,-36.70475,174.705688,1
esp32_device_001,2026-04-29T09:43:47+12:00,76.5,-36.705978,174.705917,1
esp32_device_001,2026-04-29T09:43:52+12:00,80.7,-36.707199,174.706161,1
esp32_device_001,2026-04-29T09:43:57+12:00,84.9,-36.708412,174.706482,1
esp32_device_001,2026-04-29T09:44:02+12:00,84.9,-36.709606,174.706909,1
esp32_device_001,2026-04-29T09:44:07+12:00,85.3,-36.710773,174.707458,1
esp32_device_001,2026-04-29T09:44:12+12:00,82.7,-36.711895,174.708115,1
esp32_device_001,2026-04-29T09:44:17+12:00,76.4,-36.712952,174.708878,1
esp32_device_001,2026-04-29T09:44:22+12:00,68.2,-36.713974,174.709656,1
esp32_device_001,2026-04-29T09:44:27+12:00,60.2,-36.715004,174.710434,1
esp32_device_001,2026-04-29T09:44:32+12:00,52.7,-36.716034,174.711212,1
esp32_device_001,2026-04-29T09:44:37+12:00,46,-36.717079,174.711929,1
esp32_device_001,2026-04-29T09:44:42+12:00,41.7,-36.718113,174.71254,1
esp32_device_001,2026-04-29T09:44:47+12:00,40.5,-36.719181,174.713058,1
esp32_device_001,2026-04-29T09:44:52+12:00,42.6,-36.720242,174.713531,1
esp32_device_001,2026-04-29T09:44:57+12:00,47.5,-36.721306,174.713913,1
esp32_device_001,2026-04-29T09:45:02+12:00,54.8,-36.722431,174.714249,1
esp32_device_001,2026-04-29T09:45:07+12:00,62.9,-36.723637,174.714508,1
esp32_device_001,2026-04-29T09:45:12+12:00,71.1,-36.724865,174.714691,1
esp32_device_001,2026-04-29T09:45:17+12:00,78.1,-36.726109,174.714828,1
esp32_device_001,2026-04-29T09:45:22+12:00,81.3,-36.727364,174.714966,1
esp32_device_001,2026-04-29T09:45:27+12:00,81.3,-36.728626,174.715103,1
esp32_device_001,2026-04-29T09:45:32+12:00,78.7,-36.729874,174.715302,1
esp32_device_001,2026-04-29T09:45:37+12:00,72.9,-36.731102,174.715637,1
esp32_device_001,2026-04-29T09:45:42+12:00,64.2,-36.732304,174.71611,1
esp32_device_001,2026-04-29T09:45:47+12:00,56.8,-36.733452,174.716736,1
esp32_device_001,2026-04-29T09:45:52+12:00,50.5,-36.734543,174.717422,1
esp32_device_001,2026-04-29T09:45:57+12:00,44.1,-36.735542,174.717987,1
esp32_device_001,2026-04-29T09:46:02+12:00,38.1,-36.736492,174.71846,1
esp32_device_001,2026-04-29T09:46:07+12:00,36,-36.737423,174.718872,1
esp32_device_001,2026-04-29T09:46:12+12:00,37.5,-36.738197,174.719177,1
esp32_device_001,2026-04-29T09:46:17+12:00,39.8,-36.738792,174.719376,1
esp32_device_001,2026-04-29T09:46:22+12:00,42.1,-36.73922,174.719498,1
esp32_device_001,2026-04-29T09:46:27+12:00,44.2,-36.739605,174.719604,1
esp32_device_001,2026-04-29T09:46:32+12:00,45.9,-36.739975,174.719696,1
esp32_device_001,2026-04-29T09:46:37+12:00,47,-36.740318,174.719788,1
esp32_device_001,2026-04-29T09:46:42+12:00,46,-36.740547,174.719849,1
esp32_device_001,2026-04-29T09:46:47+12:00,47.2,-36.740761,174.719894,1
esp32_device_001,2026-04-29T09:46:52+12:00,47.5,-36.74102,174.719955,1
esp32_device_001,2026-04-29T09:46:57+12:00,47.8,-36.741306,174.720032,1
esp32_device_001,2026-04-29T09:47:02+12:00,48.1,-36.741661,174.720139,1
esp32_device_001,2026-04-29T09:47:07+12:00,48.3,-36.741955,174.72023,1
esp32_device_001,2026-04-29T09:47:12+12:00,48.4,-36.742149,174.720306,1
esp32_device_001,2026-04-29T09:47:17+12:00,48.1,-36.742382,174.720383,1
esp32_device_001,2026-04-29T09:47:22+12:00,48,-36.742687,174.720505,1
esp32_device_001,2026-04-29T09:47:27+12:00,47.9,-36.742928,174.720612,1
esp32_device_001,2026-04-29T09:47:32+12:00,48.2,-36.743099,174.720688,1
esp32_device_001,2026-04-29T09:47:37+12:00,48.6,-36.743279,174.720779,1
esp32_device_001,2026-04-29T09:47:42+12:00,48.2,-36.743484,174.720886,1
esp32_device_001,2026-04-29T09:47:47+12:00,47.5,-36.743679,174.720978,1
esp32_device_001,2026-04-29T09:47:52+12:00,47.2,-36.743866,174.721069,1
esp32_device_001,2026-04-29T09:47:57+12:00,47,-36.744007,174.721146,1
esp32_device_001,2026-04-29T09:48:02+12:00,46.6,-36.744137,174.721222,1
esp32_device_001,2026-04-29T09:48:22+12:00,47.3,-36.74437,174.721359,1
esp32_device_001,2026-04-29T09:48:27+12:00,47.5,-36.744427,174.721405,1
esp32_device_001,2026-04-29T09:48:32+12:00,47.7,-36.74445,174.72142,1
esp32_device_001,2026-04-29T09:48:37+12:00,47.6,-36.744518,174.721466,1
esp32_device_001,2026-04-29T09:48:42+12:00,47.8,-36.74461,174.721527,1
esp32_device_001,2026-04-29T09:48:47+12:00,47.7,-36.744724,174.721603,1
esp32_device_001,2026-04-29T09:48:52+12:00,47.8,-36.744801,174.721649,1
esp32_device_001,2026-04-29T09:48:57+12:00,47.5,-36.744904,174.721725,1
esp32_device_001,2026-04-29T09:49:02+12:00,47.4,-36.745075,174.721832,1
esp32_device_001,2026-04-29T09:49:07+12:00,47.4,-36.74527,174.721954,1
esp32_device_001,2026-04-29T09:49:12+12:00,47.6,-36.745453,174.722076,1
esp32_device_001,2026-04-29T09:49:17+12:00,47.6,-36.745621,174.722198,1
esp32_device_001,2026-04-29T09:49:22+12:00,47.8,-36.745808,174.722336,1
esp32_device_001,2026-04-29T09:49:27+12:00,48.2,-36.745964,174.722443,1
esp32_device_001,2026-04-29T09:49:32+12:00,48.7,-36.746155,174.722565,1
esp32_device_001,2026-04-29T09:49:37+12:00,49.2,-36.746323,174.722687,1
esp32_device_001,2026-04-29T09:49:42+12:00,49.2,-36.746521,174.722824,1
esp32_device_001,2026-04-29T09:49:47+12:00,50.1,-36.746769,174.722992,1
esp32_device_001,2026-04-29T09:49:52+12:00,50.8,-36.747017,174.72316,1
esp32_device_001,2026-04-29T09:49:57+12:00,52.1,-36.747223,174.723297,1
esp32_device_001,2026-04-29T09:50:02+12:00,53,-36.747433,174.723434,1
esp32_device_001,2026-04-29T09:50:07+12:00,53.9,-36.747559,174.723526,1
esp32_device_001,2026-04-29T09:50:12+12:00,54.1,-36.747696,174.723618,1
esp32_device_001,2026-04-29T09:50:17+12:00,54.8,-36.747837,174.723724,1
esp32_device_001,2026-04-29T09:50:22+12:00,55.3,-36.747963,174.723816,1
esp32_device_001,2026-04-29T09:50:27+12:00,55.5,-36.748001,174.723831,1
esp32_device_001,2026-04-29T09:50:32+12:00,57.1,-36.748058,174.723877,1
esp32_device_001,2026-04-29T09:50:37+12:00,56.6,-36.748161,174.723953,1
esp32_device_001,2026-04-29T09:50:42+12:00,55.7,-36.748268,174.72403,1
esp32_device_001,2026-04-29T09:50:47+12:00,55.5,-36.748379,174.724106,1
esp32_device_001,2026-04-29T09:50:52+12:00,56.4,-36.748531,174.724213,1
esp32_device_001,2026-04-29T09:50:57+12:00,57.4,-36.748707,174.724365,1
esp32_device_001,2026-04-29T09:51:02+12:00,58.9,-36.748875,174.724487,1
esp32_device_001,2026-04-29T09:51:07+12:00,60.1,-36.749111,174.724686,1
esp32_device_001,2026-04-29T09:51:12+12:00,61.8,-36.749344,174.724869,1
esp32_device_001,2026-04-29T09:51:17+12:00,63.3,-36.749477,174.724976,1
esp32_device_001,2026-04-29T09:51:22+12:00,65.1,-36.749615,174.725082,1
esp32_device_001,2026-04-29T09:51:27+12:00,66.4,-36.74976,174.725204,1
esp32_device_001,2026-04-29T09:51:32+12:00,68.2,-36.749943,174.725357,1
esp32_device_001,2026-04-29T09:51:37+12:00,70.1,-36.750122,174.72551,1
esp32_device_001,2026-04-29T09:51:42+12:00,71.9,-36.750328,174.725693,1
esp32_device_001,2026-04-29T09:51:47+12:00,74,-36.750553,174.725891,1
esp32_device_001,2026-04-29T09:51:52+12:00,75.7,-36.750732,174.726059,1
esp32_device_001,2026-04-29T09:51:57+12:00,77.5,-36.750916,174.726212,1
esp32_device_001,2026-04-29T09:52:02+12:00,78.9,-36.75108,174.726364,1
esp32_device_001,2026-04-29T09:52:07+12:00,80.2,-36.751247,174.726517,1
esp32_device_001,2026-04-29T09:52:12+12:00,81.2,-36.751438,174.7267,1
esp32_device_001,2026-04-29T09:52:17+12:00,82.7,-36.751656,174.726898,1
esp32_device_001,2026-04-29T09:52:22+12:00,83.8,-36.751881,174.727112,1
esp32_device_001,2026-04-29T09:52:27+12:00,84.6,-36.752068,174.727295,1
esp32_device_001,2026-04-29T09:52:32+12:00,85.6,-36.752281,174.727509,1
esp32_device_001,2026-04-29T09:52:37+12:00,86.4,-36.752499,174.727722,1
esp32_device_001,2026-04-29T09:52:42+12:00,87.8,-36.752735,174.727966,1
esp32_device_001,2026-04-29T09:52:47+12:00,88.7,-36.752937,174.72818,1
esp32_device_001,2026-04-29T09:52:52+12:00,88.9,-36.753178,174.728424,1
esp32_device_001,2026-04-29T09:52:57+12:00,89.1,-36.753475,174.72876,1
esp32_device_001,2026-04-29T09:53:02+12:00,89,-36.753761,174.729065,1
esp32_device_001,2026-04-29T09:53:07+12:00,87.4,-36.754047,174.729385,1
esp32_device_001,2026-04-29T09:53:12+12:00,86.5,-36.75433,174.729706,1
esp32_device_001,2026-04-29T09:53:17+12:00,84.1,-36.75462,174.730042,1
esp32_device_001,2026-04-29T09:53:22+12:00,81.5,-36.754917,174.730392,1
esp32_device_001,2026-04-29T09:53:27+12:00,79.3,-36.755199,174.730728,1
esp32_device_001,2026-04-29T09:53:32+12:00,76.3,-36.755455,174.731033,1
esp32_device_001,2026-04-29T09:53:37+12:00,73.5,-36.755711,174.731339,1
esp32_device_001,2026-04-29T09:53:42+12:00,70.5,-36.756004,174.731689,1
esp32_device_001,2026-04-29T09:53:47+12:00,67.6,-36.756325,174.732086,1
esp32_device_001,2026-04-29T09:53:52+12:00,64.3,-36.756653,174.732483,1
esp32_device_001,2026-04-29T09:53:57+12:00,60.6,-36.757057,174.732986,1
esp32_device_001,2026-04-29T09:54:02+12:00,56.1,-36.757584,174.733627,1
esp32_device_001,2026-04-29T09:54:07+12:00,50.7,-36.758202,174.73436,1
esp32_device_001,2026-04-29T09:54:12+12:00,45.2,-36.758869,174.735153,1
esp32_device_001,2026-04-29T09:54:17+12:00,40.6,-36.759617,174.735977,1
esp32_device_001,2026-04-29T09:54:22+12:00,36.7,-36.760429,174.736771,1
esp32_device_001,2026-04-29T09:54:27+12:00,32.3,-36.76128,174.737488,1
esp32_device_001,2026-04-29T09:54:32+12:00,29.1,-36.762161,174.738144,1
esp32_device_001,2026-04-29T09:54:37+12:00,28.2,-36.763062,174.738724,1
esp32_device_001,2026-04-29T09:54:42+12:00,28,-36.763977,174.739212,1
esp32_device_001,2026-04-29T09:54:47+12:00,28.6,-36.764904,174.739639,1
esp32_device_001,2026-04-29T09:54:52+12:00,29,-36.765762,174.739975,1
esp32_device_001,2026-04-29T09:54:57+12:00,29,-36.766495,174.74025,1
esp32_device_001,2026-04-29T09:55:02+12:00,29.4,-36.767197,174.740509,1
esp32_device_001,2026-04-29T09:55:07+12:00,30,-36.767944,174.740845,1
esp32_device_001,2026-04-29T09:55:12+12:00,30.5,-36.768757,174.741241,1
esp32_device_001,2026-04-29T09:55:17+12:00,31.5,-36.769573,174.741669,1
esp32_device_001,2026-04-29T09:55:22+12:00,31.9,-36.770359,174.742081,1
esp32_device_001,2026-04-29T09:55:27+12:00,31.7,-36.771191,174.742508,1
esp32_device_001,2026-04-29T09:55:32+12:00,30.4,-36.772068,174.742966,1
esp32_device_001,2026-04-29T09:55:37+12:00,28.7,-36.772968,174.743454,1
esp32_device_001,2026-04-29T09:55:42+12:00,25.3,-36.773895,174.743958,1
esp32_device_001,2026-04-29T09:55:47+12:00,24.2,-36.774815,174.744507,1
esp32_device_001,2026-04-29T09:55:52+12:00,25.7,-36.775677,174.745041,1
esp32_device_001,2026-04-29T09:55:57+12:00,28.7,-36.776546,174.74559,1
esp32_device_001,2026-04-29T09:56:02+12:00,31.3,-36.777454,174.746155,1
esp32_device_001,2026-04-29T09:56:07+12:00,32.4,-36.778374,174.746735,1
esp32_device_001,2026-04-29T09:56:12+12:00,31.6,-36.77911,174.747192,1
esp32_device_001,2026-04-29T09:56:17+12:00,29,-36.779758,174.747589,1
esp32_device_001,2026-04-29T09:56:22+12:00,26.5,-36.780369,174.747971,1
esp32_device_001,2026-04-29T09:56:27+12:00,24.3,-36.780926,174.748322,1
esp32_device_001,2026-04-29T09:56:32+12:00,22.9,-36.781471,174.748657,1
esp32_device_001,2026-04-29T09:56:37+12:00,21.9,-36.782047,174.749023,1
esp32_device_001,2026-04-29T09:56:42+12:00,20.9,-36.782619,174.749374,1
esp32_device_001,2026-04-29T09:56:47+12:00,20.3,-36.783154,174.74971,1
esp32_device_001,2026-04-29T09:56:52+12:00,19.7,-36.783688,174.750031,1
esp32_device_001,2026-04-29T09:56:57+12:00,20,-36.784103,174.750305,1
esp32_device_001,2026-04-29T09:57:02+12:00,19.8,-36.784485,174.750534,1
esp32_device_001,2026-04-29T09:57:07+12:00,19.9,-36.784828,174.750748,1
esp32_device_001,2026-04-29T09:57:12+12:00,20.3,-36.785248,174.751007,1
esp32_device_001,2026-04-29T09:57:17+12:00,20.2,-36.785694,174.751282,1
esp32_device_001,2026-04-29T09:57:22+12:00,20,-36.786049,174.751511,1
esp32_device_001,2026-04-29T09:57:27+12:00,19.9,-36.786312,174.751678,1
esp32_device_001,2026-04-29T09:57:32+12:00,19.8,-36.786636,174.751877,1
esp32_device_001,2026-04-29T09:57:37+12:00,19.9,-36.786976,174.75209,1
esp32_device_001,2026-04-29T09:57:42+12:00,19.9,-36.787319,174.752304,1
esp32_device_001,2026-04-29T09:57:47+12:00,20.3,-36.787701,174.752548,1
esp32_device_001,2026-04-29T09:57:52+12:00,21,-36.788094,174.752792,1
esp32_device_001,2026-04-29T09:57:57+12:00,20.3,-36.788433,174.753006,1
esp32_device_001,2026-04-29T09:58:02+12:00,20.2,-36.788788,174.75322,1
esp32_device_001,2026-04-29T09:58:07+12:00,20.6,-36.789211,174.753494,1
esp32_device_001,2026-04-29T09:58:12+12:00,20.6,-36.789654,174.753769,1
esp32_device_001,2026-04-29T09:58:17+12:00,20.1,-36.790115,174.754044,1
esp32_device_001,2026-04-29T09:58:22+12:00,19.6,-36.790546,174.754318,1
esp32_device_001,2026-04-29T09:58:27+12:00,18.4,-36.790993,174.754608,1
esp32_device_001,2026-04-29T09:58:32+12:00,16.7,-36.791386,174.754883,1
esp32_device_001,2026-04-29T09:58:37+12:00,15.1,-36.791759,174.755142,1
esp32_device_001,2026-04-29T09:58:42+12:00,12.9,-36.792213,174.755493,1
esp32_device_001,2026-04-29T09:58:47+12:00,10.7,-36.79274,174.75592,1
esp32_device_001,2026-04-29T09:58:52+12:00,8.6,-36.793259,174.756348,1
esp32_device_001,2026-04-29T09:58:57+12:00,7.6,-36.793755,174.75679,1
esp32_device_001,2026-04-29T09:59:02+12:00,8,-36.794205,174.757217,1
esp32_device_001,2026-04-29T09:59:07+12:00,9.4,-36.794617,174.757614,1
esp32_device_001,2026-04-29T09:59:12+12:00,11.3,-36.795097,174.758087,1
esp32_device_001,2026-04-29T09:59:17+12:00,13.2,-36.795589,174.758606,1
esp32_device_001,2026-04-29T09:59:22+12:00,14.6,-36.796013,174.759018,1
esp32_device_001,2026-04-29T09:59:27+12:00,15.8,-36.796432,174.75943,1
esp32_device_001,2026-04-29T09:59:32+12:00,16.3,-36.796925,174.759903,1
esp32_device_001,2026-04-29T09:59:37+12:00,16,-36.797451,174.760376,1
esp32_device_001,2026-04-29T09:59:42+12:00,14.9,-36.797886,174.760696,1
esp32_device_001,2026-04-29T09:59:47+12:00,13.6,-36.798286,174.760941,1
esp32_device_001,2026-04-29T09:59:52+12:00,12.9,-36.79874,174.761169,1
esp32_device_001,2026-04-29T09:59:57+12:00,13.5,-36.799191,174.761337,1
esp32_device_001,2026-04-29T10:00:02+12:00,14.2,-36.799637,174.761444,1
esp32_device_001,2026-04-29T10:00:07+12:00,13.4,-36.800114,174.761505,1
esp32_device_001,2026-04-29T10:00:12+12:00,12.5,-36.800644,174.761536,1
esp32_device_001,2026-04-29T10:00:17+12:00,12.4,-36.801121,174.76149,1
esp32_device_001,2026-04-29T10:00:22+12:00,12.2,-36.801582,174.761398,1
esp32_device_001,2026-04-29T10:00:27+12:00,12.1,-36.801952,174.761292,1
esp32_device_001,2026-04-29T10:00:32+12:00,11.4,-36.802292,174.761169,1
esp32_device_001,2026-04-29T10:00:37+12:00,11.9,-36.802673,174.761017,1
esp32_device_001,2026-04-29T10:00:42+12:00,12.3,-36.803101,174.760864,1
esp32_device_001,2026-04-29T10:00:47+12:00,12.2,-36.803577,174.760666,1
esp32_device_001,2026-04-29T10:00:52+12:00,12.5,-36.804123,174.760422,1
esp32_device_001,2026-04-29T10:00:57+12:00,12,-36.804707,174.760117,1
esp32_device_001,2026-04-29T10:01:02+12:00,11.7,-36.805347,174.759735,1
esp32_device_001,2026-04-29T10:01:07+12:00,11.2,-36.806049,174.759247,1
esp32_device_001,2026-04-29T10:01:12+12:00,11.6,-36.806793,174.758652,1
esp32_device_001,2026-04-29T10:01:17+12:00,12.7,-36.807522,174.757996,1
esp32_device_001,2026-04-29T10:01:22+12:00,12.6,-36.808228,174.757339,1
esp32_device_001,2026-04-29T10:01:27+12:00,12.8,-36.808903,174.756699,1
esp32_device_001,2026-04-29T10:01:32+12:00,12.9,-36.809555,174.756088,1
esp32_device_001,2026-04-29T10:01:37+12:00,12.7,-36.810184,174.755493,1
esp32_device_001,2026-04-29T10:01:42+12:00,12.3,-36.810799,174.754929,1
esp32_device_001,2026-04-29T10:01:47+12:00,12,-36.811432,174.754318,1
esp32_device_001,2026-04-29T10:01:52+12:00,11.3,-36.812084,174.753708,1
esp32_device_001,2026-04-29T10:01:57+12:00,11.3,-36.812786,174.753052,1
esp32_device_001,2026-04-29T10:02:02+12:00,10.8,-36.813545,174.75238,1
esp32_device_001,2026-04-29T10:02:07+12:00,11.1,-36.814358,174.75174,1
esp32_device_001,2026-04-29T10:02:12+12:00,11,-36.815201,174.751236,1
esp32_device_001,2026-04-29T10:02:17+12:00,12,-36.81609,174.750961,1
esp32_device_001,2026-04-29T10:02:22+12:00,12.2,-36.817024,174.750732,1
esp32_device_001,2026-04-29T10:02:27+12:00,12.8,-36.817982,174.750488,1
esp32_device_001,2026-04-29T10:02:32+12:00,13,-36.818905,174.750275,1
esp32_device_001,2026-04-29T10:02:37+12:00,12.5,-36.819798,174.750076,1
esp32_device_001,2026-04-29T10:02:42+12:00,12,-36.820686,174.750092,1
esp32_device_001,2026-04-29T10:02:47+12:00,12.3,-36.821526,174.750244,1
esp32_device_001,2026-04-29T10:02:52+12:00,15.7,-36.822399,174.750381,1
esp32_device_001,2026-04-29T10:02:57+12:00,19.6,-36.823284,174.750351,1
esp32_device_001,2026-04-29T10:03:02+12:00,24.2,-36.824066,174.750031,1
esp32_device_001,2026-04-29T10:03:07+12:00,27.9,-36.82468,174.749634,1
esp32_device_001,2026-04-29T10:03:12+12:00,31.6,-36.825264,174.749252,1
esp32_device_001,2026-04-29T10:03:17+12:00,35.6,-36.825867,174.748856,1
esp32_device_001,2026-04-29T10:03:22+12:00,39,-36.826427,174.748474,1
esp32_device_001,2026-04-29T10:03:27+12:00,43,-36.826996,174.748108,1
esp32_device_001,2026-04-29T10:03:32+12:00,46.6,-36.827599,174.747696,1
esp32_device_001,2026-04-29T10:03:37+12:00,49.7,-36.828239,174.747284,1
esp32_device_001,2026-04-29T10:03:42+12:00,52.9,-36.828888,174.746841,1
esp32_device_001,2026-04-29T10:03:47+12:00,53.4,-36.829525,174.746429,1
esp32_device_001,2026-04-29T10:03:52+12:00,50.6,-36.830051,174.746063,1
esp32_device_001,2026-04-29T10:03:57+12:00,46.1,-36.830608,174.745697,1
esp32_device_001,2026-04-29T10:04:02+12:00,45.4,-36.831223,174.74527,1
esp32_device_001,2026-04-29T10:04:07+12:00,42.2,-36.831825,174.744858,1
esp32_device_001,2026-04-29T10:04:12+12:00,37.7,-36.832458,174.744446,1
esp32_device_001,2026-04-29T10:04:17+12:00,34.7,-36.833149,174.743973,1
esp32_device_001,2026-04-29T10:04:22+12:00,31.1,-36.833885,174.743469,1
esp32_device_001,2026-04-29T10:04:27+12:00,26,-36.834667,174.742966,1
esp32_device_001,2026-04-29T10:04:32+12:00,20.8,-36.835491,174.742416,1
esp32_device_001,2026-04-29T10:04:37+12:00,17,-36.836315,174.741913,1
esp32_device_001,2026-04-29T10:04:42+12:00,14.9,-36.837196,174.741608,1
esp32_device_001,2026-04-29T10:04:47+12:00,13.5,-36.838139,174.741776,1
esp32_device_001,2026-04-29T10:04:52+12:00,12.2,-36.838951,174.742462,1
esp32_device_001,2026-04-29T10:04:57+12:00,10.4,-36.839584,174.743393,1
esp32_device_001,2026-04-29T10:05:02+12:00,9.4,-36.84016,174.744354,1
esp32_device_001,2026-04-29T10:05:07+12:00,9.1,-36.84082,174.745209,1
esp32_device_001,2026-04-29T10:05:12+12:00,9.5,-36.841625,174.745773,1
esp32_device_001,2026-04-29T10:05:17+12:00,9.8,-36.842297,174.746521,1
esp32_device_001,2026-04-29T10:05:22+12:00,9.8,-36.842663,174.747604,1
esp32_device_001,2026-04-29T10:05:27+12:00,9.6,-36.84293,174.748749,1
esp32_device_001,2026-04-29T10:05:32+12:00,8.7,-36.843311,174.749771,1
esp32_device_001,2026-04-29T10:05:37+12:00,8.8,-36.843803,174.750656,1
esp32_device_001,2026-04-29T10:05:42+12:00,12.6,-36.844318,174.751541,1
esp32_device_001,2026-04-29T10:05:47+12:00,15.9,-36.844898,174.752396,1
esp32_device_001,2026-04-29T10:05:52+12:00,18.1,-36.845718,174.752975,1
esp32_device_001,2026-04-29T10:05:57+12:00,18.3,-36.846672,174.753143,1
esp32_device_001,2026-04-29T10:06:02+12:00,18.8,-36.847584,174.753189,1
esp32_device_001,2026-04-29T10:06:07+12:00,19.1,-36.848511,174.753235,1
esp32_device_001,2026-04-29T10:06:12+12:00,19.8,-36.849491,174.753403,1
esp32_device_001,2026-04-29T10:06:17+12:00,21.6,-36.85051,174.753769,1
esp32_device_001,2026-04-29T10:06:22+12:00,25.4,-36.851421,174.754425,1
esp32_device_001,2026-04-29T10:06:27+12:00,29.5,-36.852299,174.755157,1
esp32_device_001,2026-04-29T10:06:32+12:00,33.3,-36.853168,174.75589,1
esp32_device_001,2026-04-29T10:06:37+12:00,33.2,-36.854115,174.756577,1
esp32_device_001,2026-04-29T10:06:47+12:00,45,-36.855984,174.756851,1
esp32_device_001,2026-04-29T10:06:52+12:00,48.9,-36.856815,174.756409,1
esp32_device_001,2026-04-29T10:06:57+12:00,53.1,-36.857716,174.756134,1
esp32_device_001,2026-04-29T10:07:02+12:00,53.6,-36.858692,174.756363,1
esp32_device_001,2026-04-29T10:07:07+12:00,54.9,-36.859425,174.757233,1
esp32_device_001,2026-04-29T10:07:12+12:00,56.7,-36.859661,174.758453,1
esp32_device_001,2026-04-29T10:07:17+12:00,62.7,-36.859699,174.759705,1
esp32_device_001,2026-04-29T10:07:22+12:00,66.4,-36.859886,174.760971,1
esp32_device_001,2026-04-29T10:07:27+12:00,70.7,-36.860241,174.762131,1
esp32_device_001,2026-04-29T10:07:32+12:00,75.7,-36.860836,174.763077,1
esp32_device_001,2026-04-29T10:07:37+12:00,80.7,-36.861652,174.763748,1
esp32_device_001,2026-04-29T10:07:42+12:00,85.5,-36.862511,174.764343,1
esp32_device_001,2026-04-29T10:07:47+12:00,87.8,-36.863251,174.765167,1
esp32_device_001,2026-04-29T10:07:52+12:00,89.4,-36.863857,174.766113,1
esp32_device_001,2026-04-29T10:07:57+12:00,91.7,-36.864613,174.766937,1
esp32_device_001,2026-04-29T10:08:02+12:00,93.6,-36.86557,174.767441,1
esp32_device_001,2026-04-29T10:08:07+12:00,90.6,-36.866585,174.767807,1
esp32_device_001,2026-04-29T10:08:12+12:00,86.2,-36.867496,174.768478,1
esp32_device_001,2026-04-29T10:08:17+12:00,83.5,-36.868267,174.769424,1
esp32_device_001,2026-04-29T10:08:22+12:00,84.6,-36.868984,174.770432,1
esp32_device_001,2026-04-29T10:08:27+12:00,86.9,-36.869705,174.771347,1
esp32_device_001,2026-04-29T10:08:32+12:00,87.8,-36.870426,174.772202,1
esp32_device_001,2026-04-29T10:08:37+12:00,88.6,-36.87122,174.77301,1
esp32_device_001,2026-04-29T10:08:42+12:00,89.6,-36.87199,174.773926,1
esp32_device_001,2026-04-29T10:08:47+12:00,89.1,-36.872665,174.775009,1
esp32_device_001,2026-04-29T10:08:52+12:00,89.1,-36.873199,174.776199,1
esp32_device_001,2026-04-29T10:08:57+12:00,87.5,-36.873676,174.777451,1
esp32_device_001,2026-04-29T10:09:02+12:00,86.2,-36.874203,174.778702,1
esp32_device_001,2026-04-29T10:09:07+12:00,85.8,-36.874893,174.779831,1
esp32_device_001,2026-04-29T10:09:12+12:00,84.5,-36.875729,174.780762,1
esp32_device_001,2026-04-29T10:09:17+12:00,83.6,-36.876667,174.781555,1
esp32_device_001,2026-04-29T10:09:22+12:00,84.4,-36.877583,174.782349,1
esp32_device_001,2026-04-29T10:09:27+12:00,85.6,-36.878464,174.783173,1
esp32_device_001,2026-04-29T10:09:32+12:00,86.8,-36.87933,174.783997,1
esp32_device_001,2026-04-29T10:09:37+12:00,87.8,-36.880177,174.784882,1
esp32_device_001,2026-04-29T10:09:42+12:00,86.7,-36.881031,174.785797,1
esp32_device_001,2026-04-29T10:09:47+12:00,86.1,-36.881859,174.786667,1
esp32_device_001,2026-04-29T10:09:52+12:00,84.9,-36.882698,174.787506,1
esp32_device_001,2026-04-29T10:09:57+12:00,81.2,-36.883541,174.788391,1
esp32_device_001,2026-04-29T10:10:02+12:00,79.1,-36.88435,174.789246,1
esp32_device_001,2026-04-29T10:10:07+12:00,77.4,-36.885021,174.790131,1
esp32_device_001,2026-04-29T10:10:12+12:00,74.5,-36.885525,174.790878,1
esp32_device_001,2026-04-29T10:10:17+12:00,71.9,-36.885979,174.79158,1
esp32_device_001,2026-04-29T10:10:22+12:00,70.7,-36.886364,174.792236,1
esp32_device_001,2026-04-29T10:10:27+12:00,69.7,-36.886696,174.792847,1
esp32_device_001,2026-04-29T10:10:32+12:00,69,-36.887074,174.793579,1
esp32_device_001,2026-04-29T10:10:37+12:00,67.2,-36.887463,174.794403,1
esp32_device_001,2026-04-29T10:10:42+12:00,63.6,-36.88789,174.795273,1
esp32_device_001,2026-04-29T10:10:47+12:00,60.3,-36.888374,174.796341,1
esp32_device_001,2026-04-29T10:10:52+12:00,58.1,-36.888939,174.797409,1
esp32_device_001,2026-04-29T10:10:57+12:00,56.8,-36.88958,174.798325,1
esp32_device_001,2026-04-29T10:11:02+12:00,56.2,-36.890247,174.799225,1
esp32_device_001,2026-04-29T10:11:07+12:00,54.6,-36.890839,174.800171,1
esp32_device_001,2026-04-29T10:11:12+12:00,53.8,-36.891388,174.801056,1
esp32_device_001,2026-04-29T10:11:17+12:00,52.5,-36.891918,174.80191,1
esp32_device_001,2026-04-29T10:11:22+12:00,50.3,-36.892467,174.802795,1
esp32_device_001,2026-04-29T10:11:27+12:00,48.9,-36.893051,174.803726,1
esp32_device_001,2026-04-29T10:11:32+12:00,46.6,-36.8937,174.804688,1
esp32_device_001,2026-04-29T10:11:37+12:00,44.4,-36.894409,174.805603,1
esp32_device_001,2026-04-29T10:11:42+12:00,41.3,-36.895157,174.806473,1
esp32_device_001,2026-04-29T10:11:47+12:00,39.3,-36.895912,174.807144,1
esp32_device_001,2026-04-29T10:11:52+12:00,38.2,-36.896633,174.807632,1
esp32_device_001,2026-04-29T10:11:57+12:00,37.1,-36.897411,174.808044,1
esp32_device_001,2026-04-29T10:12:02+12:00,36.3,-36.898235,174.808472,1
esp32_device_001,2026-04-29T10:12:07+12:00,34.2,-36.89912,174.808929,1
esp32_device_001,2026-04-29T10:12:12+12:00,31.8,-36.900063,174.809448,1
esp32_device_001,2026-04-29T10:12:17+12:00,28.5,-36.901081,174.809982,1
esp32_device_001,2026-04-29T10:12:22+12:00,26.4,-36.902122,174.810577,1
esp32_device_001,2026-04-29T10:12:27+12:00,25.3,-36.903107,174.811325,1
esp32_device_001,2026-04-29T10:12:32+12:00,25.9,-36.903988,174.812241,1
esp32_device_001,2026-04-29T10:12:37+12:00,29,-36.904682,174.813293,1
esp32_device_001,2026-04-29T10:12:42+12:00,30.5,-36.905231,174.814392,1
esp32_device_001,2026-04-29T10:12:47+12:00,29.2,-36.905704,174.815582,1
esp32_device_001,2026-04-29T10:12:52+12:00,28.4,-36.906155,174.816757,1
esp32_device_001,2026-04-29T10:12:57+12:00,28.5,-36.906616,174.817902,1
esp32_device_001,2026-04-29T10:13:02+12:00,27.6,-36.90723,174.818939,1
esp32_device_001,2026-04-29T10:13:07+12:00,25.5,-36.908012,174.819839,1
esp32_device_001,2026-04-29T10:13:12+12:00,23.4,-36.908958,174.820572,1
esp32_device_001,2026-04-29T10:13:17+12:00,22,-36.909935,174.821289,1
esp32_device_001,2026-04-29T10:13:22+12:00,21.2,-36.910915,174.822006,1
esp32_device_001,2026-04-29T10:13:27+12:00,22.7,-36.911896,174.822739,1
esp32_device_001,2026-04-29T10:13:32+12:00,25.3,-36.912861,174.823486,1
esp32_device_001,2026-04-29T10:13:37+12:00,28.1,-36.913731,174.824387,1
esp32_device_001,2026-04-29T10:13:42+12:00,25.4,-36.914433,174.825485,1
esp32_device_001,2026-04-29T10:13:47+12:00,23.4,-36.914932,174.826752,1
esp32_device_001,2026-04-29T10:13:52+12:00,22.4,-36.915298,174.828125,1
esp32_device_001,2026-04-29T10:13:57+12:00,23,-36.915646,174.829498,1
esp32_device_001,2026-04-29T10:14:02+12:00,20.9,-36.915951,174.830811,1
esp32_device_001,2026-04-29T10:14:07+12:00,20.9,-36.916199,174.832092,1
esp32_device_001,2026-04-29T10:14:12+12:00,21.3,-36.916344,174.833328,1
esp32_device_001,2026-04-29T10:14:17+12:00,19.4,-36.916039,174.834442,1
esp32_device_001,2026-04-29T10:14:22+12:00,16.8,-36.915661,174.835449,1
esp32_device_001,2026-04-29T10:14:27+12:00,16.5,-36.91563,174.836487,1
esp32_device_001,2026-04-29T10:14:32+12:00,19.7,-36.915794,174.837463,1
esp32_device_001,2026-04-29T10:14:37+12:00,19.6,-36.915752,174.838516,1
esp32_device_001,2026-04-29T10:14:42+12:00,21,-36.915596,174.839645,1
esp32_device_001,2026-04-29T10:14:47+12:00,22.7,-36.915417,174.840836,1
esp32_device_001,2026-04-29T10:14:52+12:00,23.9,-36.915207,174.842087,1
esp32_device_001,2026-04-29T10:14:57+12:00,21.6,-36.915199,174.843292,1
esp32_device_001,2026-04-29T10:15:02+12:00,14.7,-36.915394,174.844452,1
esp32_device_001,2026-04-29T10:15:07+12:00,14.8,-36.915379,174.845428,1
esp32_device_001,2026-04-29T10:15:12+12:00,15.7,-36.915291,174.845932,1
esp32_device_001,2026-04-29T10:15:17+12:00,15.3,-36.915249,174.8461,1
esp32_device_001,2026-04-29T10:15:22+12:00,15.8,-36.915222,174.846451,1
esp32_device_001,2026-04-29T10:15:27+12:00,14.2,-36.915546,174.846603,1
esp32_device_001,2026-04-29T10:15:32+12:00,13.2,-36.916027,174.846756,1
esp32_device_001,2026-04-29T10:15:37+12:00,13,-36.916508,174.846878,1
esp32_device_001,2026-04-29T10:15:42+12:00,13.9,-36.916889,174.846985,1
esp32_device_001,2026-04-29T10:15:47+12:00,10.8,-36.916931,174.847092,1
esp32_device_001,2026-04-29T10:15:52+12:00,7.1,-36.916885,174.847229,1
esp32_device_001,2026-04-29T10:18:08+12:00,15.8,-36.916851,174.847534,1
esp32_device_001,2026-04-29T10:18:13+12:00,15.9,-36.91687,174.847443,1
esp32_device_001,2026-04-29T10:18:18+12:00,17.8,-36.916893,174.847244,1
esp32_device_001,2026-04-29T10:18:23+12:00,18.5,-36.916954,174.847092,1
esp32_device_001,2026-04-29T10:18:28+12:00,16.1,-36.917114,174.847061,1
esp32_device_001,2026-04-29T10:18:33+12:00,16.5,-36.91753,174.847137,1
esp32_device_001,2026-04-29T10:18:38+12:00,16.5,-36.917866,174.847198,1
esp32_device_001,2026-04-29T10:18:43+12:00,16.9,-36.918118,174.847275,1
esp32_device_001,2026-04-29T10:19:18+12:00,22.5,-36.918549,174.847382,1
esp32_device_001,2026-04-29T10:19:23+12:00,21,-36.918827,174.847305,1
esp32_device_001,2026-04-29T10:19:28+12:00,22.5,-36.918877,174.847046,1
esp32_device_001,2026-04-29T10:19:33+12:00,23.9,-36.918907,174.846832,1
esp32_device_001,2026-04-29T10:19:38+12:00,25,-36.91898,174.846436,1
esp32_device_001,2026-04-29T10:19:43+12:00,25.8,-36.919075,174.84584,1
esp32_device_001,2026-04-29T10:19:48+12:00,26.8,-36.919178,174.845123,1
esp32_device_001,2026-04-29T10:19:53+12:00,28.1,-36.919285,174.844376,1
esp32_device_001,2026-04-29T10:19:58+12:00,28,-36.919388,174.843704,1
esp32_device_001,2026-04-29T10:20:03+12:00,26.3,-36.919674,174.843216,1
esp32_device_001,2026-04-29T10:20:08+12:00,25.3,-36.920086,174.842758,1
esp32_device_001,2026-04-29T10:20:13+12:00,24.8,-36.920589,174.842422,1
esp32_device_001,2026-04-29T10:20:18+12:00,24.7,-36.921108,174.842102,1
esp32_device_001,2026-04-29T10:20:23+12:00,23.5,-36.921555,174.841629,1
esp32_device_001,2026-04-29T10:20:28+12:00,23.3,-36.92197,174.841263,1
esp32_device_001,2026-04-29T10:20:33+12:00,24,-36.92218,174.841263,1
esp32_device_001,2026-04-29T10:20:38+12:00,24.7,-36.922264,174.841293,1
esp32_device_001,2026-04-29T10:20:43+12:00,26,-36.922401,174.841339,1
esp32_device_001,2026-04-29T10:20:48+12:00,26.7,-36.922482,174.841385,1
esp32_device_001,2026-04-29T10:21:18+12:00,32.3,-36.922722,174.841446,1
esp32_device_001,2026-04-29T10:21:23+12:00,30.5,-36.923004,174.8414,1
esp32_device_001,2026-04-29T10:21:28+12:00,30.1,-36.923222,174.841095,1
esp32_device_001,2026-04-29T10:21:33+12:00,26.9,-36.922955,174.841003,1
esp32_device_001,2026-04-29T10:21:38+12:00,23.7,-36.922421,174.840927,1
esp32_device_001,2026-04-29T10:21:43+12:00,23.3,-36.92194,174.840775,1
esp32_device_001,2026-04-29T10:22:18+12:00,18.4,-36.921612,174.840668,1
esp32_device_001,2026-04-29T10:22:23+12:00,17.3,-36.921211,174.840546,1
esp32_device_001,2026-04-29T10:22:28+12:00,16.8,-36.920765,174.840424,1
esp32_device_001,2026-04-29T10:22:33+12:00,16.3,-36.920361,174.840302,1
esp32_device_001,2026-04-29T10:22:38+12:00,17.1,-36.920036,174.84021,1
esp32_device_001,2026-04-29T10:22:43+12:00,17.5,-36.919846,174.840164,1
esp32_device_001,2026-04-29T10:22:48+12:00,17.7,-36.919746,174.840134,1
esp32_device_001,2026-04-29T10:22:53+12:00,18.8,-36.919735,174.840149,1
esp32_device_001,2026-04-29T10:24:59+12:00,16.8,-36.921139,174.845337,1
esp32_device_001,2026-04-29T10:25:09+12:00,20.9,-36.922405,174.846909,1
esp32_device_001,2026-04-29T10:25:14+12:00,24.5,-36.92318,174.847488,1
esp32_device_001,2026-04-29T10:25:19+12:00,27.6,-36.924042,174.847946,1
esp32_device_001,2026-04-29T10:25:24+12:00,28.4,-36.924923,174.848312,1
esp32_device_001,2026-04-29T10:25:29+12:00,30.3,-36.925797,174.848648,1
esp32_device_001,2026-04-29T10:25:34+12:00,30,-36.926781,174.848984,1
esp32_device_001,2026-04-29T10:25:39+12:00,32.2,-36.927803,174.84938,1
esp32_device_001,2026-04-29T10:25:44+12:00,32.3,-36.928829,174.849777,1
esp32_device_001,2026-04-29T10:25:49+12:00,31.3,-36.92979,174.850159,1
esp32_device_001,2026-04-29T10:25:54+12:00,28.1,-36.930664,174.850494,1
esp32_device_001,2026-04-29T10:28:00+12:00,22.8,-36.957603,174.861847,2
esp32_device_001,2026-04-29T10:28:10+12:00,24.4,-36.95977,174.863007,2
esp32_device_001,2026-04-29T10:28:15+12:00,24.9,-36.960751,174.86377,2
esp32_device_001,2026-04-29T10:28:20+12:00,25.4,-36.961594,174.864807,2
esp32_device_001,2026-04-29T10:28:25+12:00,26.3,-36.962421,174.865891,2
esp32_device_001,2026-04-29T10:28:30+12:00,24.1,-36.963249,174.866974,2
esp32_device_001,2026-04-29T10:28:35+12:00,21,-36.964077,174.868057,2
esp32_device_001,2026-04-29T10:28:40+12:00,23.9,-36.964851,174.869095,2
esp32_device_001,2026-04-29T10:28:45+12:00,24.9,-36.965637,174.870132,2
esp32_device_001,2026-04-29T10:28:50+12:00,25.2,-36.966434,174.871185,2
esp32_device_001,2026-04-29T10:28:55+12:00,24.3,-36.967228,174.872238,2
esp32_device_001,2026-04-29T10:29:01+12:00,24.3,-36.968208,174.873505,2
esp32_device_001,2026-04-29T10:29:06+12:00,24.3,-36.969021,174.874573,2
esp32_device_001,2026-04-29T10:29:11+12:00,24.3,-36.969833,174.875656,2
esp32_device_001,2026-04-29T10:29:16+12:00,24.3,-36.970638,174.876724,2
esp32_device_001,2026-04-29T10:29:21+12:00,24.3,-36.971436,174.877777,2
esp32_device_001,2026-04-29T10:29:26+12:00,24.3,-36.972309,174.878769,2
esp32_device_001,2026-04-29T10:29:31+12:00,24.3,-36.97332,174.879517,2
esp32_device_001,2026-04-29T10:29:36+12:00,24.3,-36.974415,174.87999,2
esp32_device_001,2026-04-29T10:29:41+12:00,24.3,-36.975536,174.880356,2
esp32_device_001,2026-04-29T10:29:46+12:00,24.3,-36.976646,174.880722,2
esp32_device_001,2026-04-29T10:29:51+12:00,24.3,-36.977783,174.881104,2
esp32_device_001,2026-04-29T10:29:56+12:00,24.3,-36.978901,174.88147,2
esp32_device_001,2026-04-29T10:30:01+12:00,24.3,-36.980003,174.881866,2
esp32_device_001,2026-04-29T10:30:06+12:00,24.3,-36.981071,174.882355,2
esp32_device_001,2026-04-29T10:30:11+12:00,24.3,-36.982136,174.882889,2
esp32_device_001,2026-04-29T10:30:16+12:00,24.3,-36.983208,174.883438,2
esp32_device_001,2026-04-29T10:30:21+12:00,24.3,-36.984287,174.883987,2
esp32_device_001,2026-04-29T10:30:26+12:00,24.3,-36.985348,174.884521,2
esp32_device_001,2026-04-29T10:30:31+12:00,24.3,-36.986378,174.885071,2
esp32_device_001,2026-04-29T10:30:36+12:00,24.3,-36.987423,174.88562,2
esp32_device_001,2026-04-29T10:30:41+12:00,24.3,-36.988491,174.886169,2
esp32_device_001,2026-04-29T10:30:46+12:00,24.3,-36.989544,174.886703,2
esp32_device_001,2026-04-29T10:30:51+12:00,24.3,-36.990562,174.887238,2
esp32_device_001,2026-04-29T10:30:56+12:00,24.3,-36.991482,174.887802,2
esp32_device_001,2026-04-29T10:31:01+12:00,24.3,-36.992348,174.888351,2
esp32_device_001,2026-04-29T10:31:06+12:00,24.3,-36.993183,174.888885,2
esp32_device_001,2026-04-29T10:31:11+12:00,24.3,-36.993965,174.889359,2
esp32_device_001,2026-04-29T10:31:16+12:00,24.3,-36.994778,174.889435,2
esp32_device_001,2026-04-29T10:31:21+12:00,24.3,-36.995468,174.889084,2
esp32_device_001,2026-04-29T10:31:26+12:00,24.3,-36.996002,174.888351,2
esp32_device_001,2026-04-29T10:31:31+12:00,24.3,-36.996204,174.887375,2
esp32_device_001,2026-04-29T10:31:36+12:00,24.3,-36.996109,174.886307,2
esp32_device_001,2026-04-29T10:31:41+12:00,24.3,-36.996017,174.885178,2
esp32_device_001,2026-04-29T10:31:46+12:00,24.3,-36.996002,174.883942,2
esp32_device_001,2026-04-29T10:31:51+12:00,24.3,-36.99601,174.882599,2
esp32_device_001,2026-04-29T10:31:56+12:00,24.3,-36.996017,174.881165,2
esp32_device_001,2026-04-29T10:32:01+12:00,24.3,-36.996063,174.879761,2
esp32_device_001,2026-04-29T10:32:06+12:00,24.3,-36.996216,174.878403,2
esp32_device_001,2026-04-29T10:32:11+12:00,24.3,-36.996418,174.877167,2
esp32_device_001,2026-04-29T10:32:16+12:00,24.3,-36.996574,174.876236,2
esp32_device_001,2026-04-29T10:32:21+12:00,24.3,-36.996758,174.875793,2
esp32_device_001,2026-04-29T10:32:26+12:00,24.3,-36.99683,174.875732,2
esp32_device_001,2026-04-29T10:33:26+12:00,28.3,-36.99725,174.875732,2
esp32_device_001,2026-04-29T10:33:31+12:00,24.8,-36.997639,174.876068,2
esp32_device_001,2026-04-29T10:34:26+12:00,24.6,-36.997948,174.876297,2
esp32_device_001,2026-04-29T10:34:31+12:00,23.4,-36.998219,174.875839,2
esp32_device_001,2026-04-29T10:34:36+12:00,23.6,-36.998505,174.875137,2
esp32_device_001,2026-04-29T10:34:41+12:00,23.1,-36.998825,174.874374,2
esp32_device_001,2026-04-29T10:34:46+12:00,23.1,-36.999146,174.873596,2
esp32_device_001,2026-04-29T10:34:51+12:00,22.4,-36.999416,174.872971,2
esp32_device_001,2026-04-29T10:36:01+12:00,47,-36.999565,174.872635,2
esp32_device_001,2026-04-29T10:36:06+12:00,41.9,-36.999725,174.872192,2
esp32_device_001,2026-04-29T10:36:11+12:00,38.4,-36.999954,174.871536,2
esp32_device_001,2026-04-29T10:36:16+12:00,37,-37.000217,174.870728,2
esp32_device_001,2026-04-29T10:36:21+12:00,35.5,-37.000504,174.869888,2
esp32_device_001,2026-04-29T10:36:26+12:00,34.6,-37.000786,174.869034,2
esp32_device_001,2026-04-29T10:36:31+12:00,35.2,-37.001068,174.86821,2
esp32_device_001,2026-04-29T10:36:36+12:00,36.7,-37.001354,174.867386,2
esp32_device_001,2026-04-29T10:36:41+12:00,40.5,-37.001629,174.866577,2
esp32_device_001,2026-04-29T10:36:46+12:00,40.3,-37.001846,174.865921,2
esp32_device_001,2026-04-29T10:37:06+12:00,33.6,-37.002003,174.865509,2
esp32_device_001,2026-04-29T10:37:11+12:00,33.2,-37.002121,174.865173,2
esp32_device_001,2026-04-29T10:37:16+12:00,34.1,-37.002281,174.864777,2
esp32_device_001,2026-04-29T10:37:21+12:00,37,-37.002476,174.864365,2
esp32_device_001,2026-04-29T10:37:26+12:00,40.1,-37.002682,174.863937,2
esp32_device_001,2026-04-29T10:37:31+12:00,42,-37.002895,174.86351,2
esp32_device_001,2026-04-29T10:37:36+12:00,43.6,-37.003128,174.863052,2
esp32_device_001,2026-04-29T10:37:41+12:00,43.8,-37.003391,174.862518,2
esp32_device_001,2026-04-29T10:37:46+12:00,44.2,-37.003685,174.862015,2
esp32_device_001,2026-04-29T10:37:51+12:00,43.3,-37.003937,174.861481,2
esp32_device_001,2026-04-29T10:37:56+12:00,37,-37.00428,174.861359,2
esp32_device_001,2026-04-29T10:38:01+12:00,35.4,-37.004753,174.861557,2
esp32_device_001,2026-04-29T10:38:06+12:00,33.7,-37.005337,174.861801,2
esp32_device_001,2026-04-29T10:38:11+12:00,33.6,-37.005928,174.862061,2
esp32_device_001,2026-04-29T10:38:16+12:00,33.4,-37.006474,174.862335,2
esp32_device_001,2026-04-29T10:38:21+12:00,33.3,-37.006954,174.862595,2
esp32_device_001,2026-04-29T10:38:26+12:00,33.7,-37.007175,174.862701,2
esp32_device_001,2026-04-29T10:38:31+12:00,33.1,-37.007351,174.862488,2
esp32_device_001,2026-04-29T10:38:36+12:00,33.8,-37.007515,174.86203,2
esp32_device_001,2026-04-29T10:38:41+12:00,35.4,-37.007694,174.861694,2
esp32_device_001,2026-04-29T10:38:46+12:00,35,-37.007763,174.861298,2
esp32_device_001,2026-04-29T10:38:51+12:00,35.2,-37.007893,174.860901,2
esp32_device_001,2026-04-29T10:38:56+12:00,34.2,-37.007793,174.860718,2
esp32_device_001,2026-04-29T10:39:01+12:00,32.6,-37.007748,174.860519,2
esp32_device_001,2026-04-29T10:40:36+12:00,58.4,-37.007687,174.860474,2
esp32_device_001,2026-04-29T10:40:41+12:00,71.5,-37.007687,174.860519,2
esp32_device_001,2026-04-29T10:43:51+12:00,12.1,-37.007633,174.860352,2
esp32_device_001,2026-04-29T10:43:56+12:00,5.2,-37.007591,174.860336,2
esp32_device_001,2026-04-29T10:44:52+12:00,74.9,-37.007927,174.860519,2
esp32_device_001,2026-04-29T10:44:57+12:00,90.1,-37.00798,174.860565,2
esp32_device_001,2026-04-29T10:45:07+12:00,83.7,-37.007843,174.860565,2
esp32_device_001,2026-04-29T10:45:12+12:00,63.6,-37.007774,174.860626,2
esp32_device_001,2026-04-29T10:45:17+12:00,49,-37.007805,174.860733,2
esp32_device_001,2026-04-29T10:45:22+12:00,45.1,-37.007881,174.860855,2
esp32_device_001,2026-04-29T10:45:27+12:00,42.8,-37.007782,174.86116,2
esp32_device_001,2026-04-29T10:45:32+12:00,40.4,-37.007668,174.861511,2
esp32_device_001,2026-04-29T10:45:37+12:00,37.1,-37.007679,174.861755,2
esp32_device_001,2026-04-29T10:45:42+12:00,36.2,-37.007961,174.861877,2
esp32_device_001,2026-04-29T10:45:47+12:00,35.2,-37.008369,174.862076,2
esp32_device_001,2026-04-29T10:45:52+12:00,33.4,-37.008785,174.86232,2
esp32_device_001,2026-04-29T10:45:57+12:00,32.7,-37.009018,174.862457,2
esp32_device_001,2026-04-29T10:46:02+12:00,33.5,-37.009117,174.862473,2
esp32_device_001,2026-04-29T10:46:07+12:00,32.7,-37.009289,174.862106,2
esp32_device_001,2026-04-29T10:46:12+12:00,32,-37.009491,174.861481,2
esp32_device_001,2026-04-29T10:46:17+12:00,32.1,-37.009747,174.860733,2
esp32_device_001,2026-04-29T10:46:22+12:00,33,-37.009998,174.85997,2
esp32_device_001,2026-04-29T10:46:27+12:00,33.3,-37.010239,174.859283,2
esp32_device_001,2026-04-29T10:46:32+12:00,33.1,-37.010464,174.858643,2
esp32_device_001,2026-04-29T10:46:37+12:00,31.9,-37.010658,174.858124,2
esp32_device_001,2026-04-29T10:47:02+12:00,32.1,-37.011124,174.858093,2
esp32_device_001,2026-04-29T10:47:07+12:00,31.5,-37.011658,174.858383,2
esp32_device_001,2026-04-29T10:47:12+12:00,30.8,-37.012283,174.858734,2
esp32_device_001,2026-04-29T10:47:17+12:00,30,-37.01281,174.859009,2
esp32_device_001,2026-04-29T10:47:22+12:00,29,-37.013004,174.859116,2
esp32_device_001,2026-04-29T10:47:27+12:00,29.4,-37.013062,174.859146,2
esp32_device_001,2026-04-29T10:47:32+12:00,25.4,-37.013245,174.859253,2
esp32_device_001,2026-04-29T10:47:37+12:00,23.2,-37.013607,174.859467,2
esp32_device_001,2026-04-29T10:47:42+12:00,21.7,-37.014126,174.859756,2
esp32_device_001,2026-04-29T10:47:47+12:00,21.5,-37.014706,174.860062,2
esp32_device_001,2026-04-29T10:47:52+12:00,22,-37.015217,174.860321,2
esp32_device_001,2026-04-29T10:47:57+12:00,25.1,-37.015713,174.86058,2
esp32_device_001,2026-04-29T10:48:02+12:00,28.1,-37.016193,174.86084,2
esp32_device_001,2026-04-29T10:48:07+12:00,28.3,-37.016655,174.861084,2
esp32_device_001,2026-04-29T10:48:12+12:00,27.7,-37.01701,174.861267,2
esp32_device_001,2026-04-29T10:48:17+12:00,27,-37.017303,174.86142,2
esp32_device_001,2026-04-29T10:48:22+12:00,25.9,-37.017792,174.861679,2
esp32_device_001,2026-04-29T10:48:27+12:00,25.5,-37.018272,174.861938,2
esp32_device_001,2026-04-29T10:48:32+12:00,24.9,-37.018665,174.862198,2
esp32_device_001,2026-04-29T10:48:37+12:00,24.7,-37.018772,174.862335,2
esp32_device_001,2026-04-29T10:48:42+12:00,25.9,-37.018745,174.86261,2
esp32_device_001,2026-04-29T10:48:47+12:00,26.7,-37.018574,174.863144,2
esp32_device_001,2026-04-29T10:48:52+12:00,26.7,-37.018379,174.863724,2
esp32_device_001,2026-04-29T10:48:57+12:00,26.4,-37.018173,174.864334,2
esp32_device_001,2026-04-29T10:49:02+12:00,26.6,-37.018051,174.8647,2
esp32_device_001,2026-04-29T10:49:12+12:00,27.1,-37.018032,174.864761,2
esp32_device_001,2026-04-29T10:49:17+12:00,27.8,-37.017975,174.864944,2
esp32_device_001,2026-04-29T10:49:22+12:00,28.5,-37.017822,174.865387,2
esp32_device_001,2026-04-29T10:49:27+12:00,29.6,-37.017612,174.865997,2
esp32_device_001,2026-04-29T10:49:32+12:00,31.3,-37.01738,174.866669,2
esp32_device_001,2026-04-29T10:49:37+12:00,31.8,-37.01717,174.867294,2
esp32_device_001,2026-04-29T10:49:43+12:00,32.7,-37.016933,174.867966,2
esp32_device_001,2026-04-29T10:49:48+12:00,31.9,-37.016708,174.868637,2
esp32_device_001,2026-04-29T10:49:53+12:00,31.9,-37.016472,174.869217,2
esp32_device_001,2026-04-29T10:50:18+12:00,33.7,-37.016258,174.869934,2
esp32_device_001,2026-04-29T10:50:23+12:00,33.9,-37.016029,174.870605,2
esp32_device_001,2026-04-29T10:50:28+12:00,34,-37.015778,174.871323,2
esp32_device_001,2026-04-29T10:50:33+12:00,35.5,-37.015541,174.872025,2
esp32_device_001,2026-04-29T10:50:38+12:00,36.4,-37.015301,174.872742,2
esp32_device_001,2026-04-29T10:50:43+12:00,36.7,-37.015049,174.873459,2
esp32_device_001,2026-04-29T10:50:48+12:00,37.1,-37.014812,174.874146,2
esp32_device_001,2026-04-29T10:50:53+12:00,38.7,-37.014622,174.87471,2
esp32_device_001,2026-04-29T10:50:58+12:00,40.4,-37.014416,174.875351,2
esp32_device_001,2026-04-29T10:51:03+12:00,42.6,-37.014191,174.876007,2
esp32_device_001,2026-04-29T10:51:08+12:00,39.9,-37.013962,174.876602,2
esp32_device_001,2026-04-29T10:51:13+12:00,38.7,-37.013756,174.87709,2
esp32_device_001,2026-04-29T10:51:18+12:00,35.7,-37.013496,174.877121,2
esp32_device_001,2026-04-29T10:51:23+12:00,33.7,-37.013382,174.877045,2
esp32_device_001,2026-04-29T10:51:28+12:00,32.6,-37.013203,174.876953,2
esp32_device_001,2026-04-29T10:51:33+12:00,33.3,-37.012779,174.87674,2
esp32_device_001,2026-04-29T10:51:38+12:00,33.8,-37.012238,174.87645,2
esp32_device_001,2026-04-29T10:51:43+12:00,33.3,-37.011654,174.876129,2
esp32_device_001,2026-04-29T10:51:48+12:00,32.3,-37.011089,174.875824,2
esp32_device_001,2026-04-29T10:51:53+12:00,32.3,-37.010536,174.875534,2
esp32_device_001,2026-04-29T10:51:58+12:00,32,-37.009953,174.875198,2
esp32_device_001,2026-04-29T10:52:03+12:00,31.8,-37.009331,174.874878,2
esp32_device_001,2026-04-29T10:52:08+12:00,31.3,-37.008728,174.874542,2
esp32_device_001,2026-04-29T10:52:13+12:00,30.3,-37.008156,174.874252,2
esp32_device_001,2026-04-29T10:52:18+12:00,29.6,-37.007648,174.873993,2
esp32_device_001,2026-04-29T10:52:23+12:00,26.7,-37.007336,174.873795,2
esp32_device_001,2026-04-29T10:52:48+12:00,27.6,-37.007233,174.873215,2
esp32_device_001,2026-04-29T10:52:53+12:00,28.2,-37.007454,174.872528,2
esp32_device_001,2026-04-29T10:52:58+12:00,29,-37.007721,174.871735,2
esp32_device_001,2026-04-29T10:53:03+12:00,29.7,-37.007996,174.870926,2
esp32_device_001,2026-04-29T10:53:08+12:00,29,-37.008266,174.870132,2
esp32_device_001,2026-04-29T10:53:13+12:00,27.9,-37.008427,174.86937,2
esp32_device_001,2026-04-29T10:53:18+12:00,28,-37.008213,174.868637,2
esp32_device_001,2026-04-29T10:53:23+12:00,27.4,-37.007683,174.86821,2
esp32_device_001,2026-04-29T10:53:28+12:00,26.9,-37.007103,174.867889,2
esp32_device_001,2026-04-29T10:53:33+12:00,26.1,-37.0065,174.867569,2
esp32_device_001,2026-04-29T10:53:38+12:00,25.8,-37.005863,174.867233,2
esp32_device_001,2026-04-29T10:53:43+12:00,25.2,-37.00523,174.866898,2
esp32_device_001,2026-04-29T10:53:48+12:00,24.3,-37.004807,174.866653,2
esp32_device_001,2026-04-29T10:55:08+12:00,27,-37.004395,174.866501,2
esp32_device_001,2026-04-29T10:55:13+12:00,27,-37.004002,174.866287,2
esp32_device_001,2026-04-29T10:55:18+12:00,27.2,-37.003502,174.866028,2
esp32_device_001,2026-04-29T10:55:23+12:00,26.8,-37.002995,174.865738,2
esp32_device_001,2026-04-29T10:55:28+12:00,26.1,-37.002552,174.865494,2
esp32_device_001,2026-04-29T10:56:08+12:00,27.7,-37.002106,174.865234,2
esp32_device_001,2026-04-29T10:56:13+12:00,28.7,-37.001816,174.865433,2
esp32_device_001,2026-04-29T10:56:18+12:00,27.5,-37.001617,174.866043,2
esp32_device_001,2026-04-29T10:56:23+12:00,26.4,-37.001369,174.866776,2
esp32_device_001,2026-04-29T10:56:28+12:00,25.1,-37.00111,174.867554,2
esp32_device_001,2026-04-29T10:56:33+12:00,24.8,-37.000858,174.868286,2
esp32_device_001,2026-04-29T10:56:38+12:00,25.2,-37.000679,174.86882,2
esp32_device_001,2026-04-29T10:57:13+12:00,25.7,-37.000549,174.86911,2
esp32_device_001,2026-04-29T10:57:18+12:00,25.8,-37.000252,174.86911,2
esp32_device_001,2026-04-29T10:57:23+12:00,25.2,-37.000057,174.869034,2
esp32_device_001,2026-04-29T10:57:28+12:00,25.7,-36.999962,174.869202,2
esp32_device_001,2026-04-29T10:57:33+12:00,26.8,-36.999886,174.869415,2
esp32_device_001,2026-04-29T10:57:38+12:00,24.7,-36.999931,174.869598,2
esp32_device_001,2026-04-29T10:57:43+12:00,23.9,-37.000088,174.86969,2
esp32_device_001,2026-04-29T10:57:48+12:00,25.2,-37.00016,174.869797,2
esp32_device_001,2026-04-29T11:26:38+12:00,1.4,-37.000202,174.86998,3
esp32_device_001,2026-04-29T11:26:43+12:00,10.1,-37.000164,174.869965,3
esp32_device_001,2026-04-29T11:27:06+12:00,16.8,-37.000168,174.869873,3
esp32_device_001,2026-04-29T11:27:11+12:00,18.9,-37.000156,174.869766,3
esp32_device_001,2026-04-29T11:27:16+12:00,18.5,-37.000023,174.869644,3
esp32_device_001,2026-04-29T11:27:21+12:00,18.7,-36.999901,174.869522,3
esp32_device_001,2026-04-29T11:27:26+12:00,19.7,-36.999943,174.869324,3
esp32_device_001,2026-04-29T11:27:46+12:00,22.2,-37.000244,174.869156,3
esp32_device_001,2026-04-29T11:27:51+12:00,22.9,-37.000362,174.869217,3
esp32_device_001,2026-04-29T11:27:56+12:00,22.6,-37.00037,174.869217,3
esp32_device_001,2026-04-29T11:28:01+12:00,23,-37.000572,174.869293,3
esp32_device_001,2026-04-29T11:28:06+12:00,21.9,-37.000835,174.868988,3
esp32_device_001,2026-04-29T11:28:11+12:00,22.8,-37.001068,174.868301,3
esp32_device_001,2026-04-29T11:28:16+12:00,23.1,-37.001328,174.867554,3
esp32_device_001,2026-04-29T11:28:21+12:00,23.5,-37.00156,174.866867,3
esp32_device_001,2026-04-29T11:28:26+12:00,24.2,-37.001778,174.866241,3
esp32_device_001,2026-04-29T11:28:31+12:00,23.9,-37.001892,174.865906,3
esp32_device_001,2026-04-29T11:28:56+12:00,22.8,-37.002087,174.865341,3
esp32_device_001,2026-04-29T11:29:01+12:00,23.6,-37.002281,174.864807,3
esp32_device_001,2026-04-29T11:29:11+12:00,29.8,-37.002876,174.863602,3
esp32_device_001,2026-04-29T11:29:16+12:00,31.5,-37.003185,174.862976,3
esp32_device_001,2026-04-29T11:29:21+12:00,31.7,-37.003517,174.86232,3
esp32_device_001,2026-04-29T11:29:26+12:00,31,-37.003841,174.861725,3
esp32_device_001,2026-04-29T11:29:31+12:00,30.3,-37.004078,174.861374,3
esp32_device_001,2026-04-29T11:29:41+12:00,31.4,-37.004906,174.861603,3
esp32_device_001,2026-04-29T11:29:46+12:00,29.8,-37.005451,174.861832,3
esp32_device_001,2026-04-29T11:29:51+12:00,30.2,-37.006016,174.862061,3
esp32_device_001,2026-04-29T11:29:56+12:00,29.5,-37.006523,174.86232,3
esp32_device_001,2026-04-29T11:30:01+12:00,30.1,-37.006969,174.862579,3
esp32_device_001,2026-04-29T11:30:11+12:00,32.3,-37.007156,174.862701,3
