dev_esp32,timestamp,altitude,latitude,longitude
esp32_device_001,2025-07-05T18:28:06+12:00,46.5,-36.604794,174.802597
esp32_device_001,2025-07-05T18:28:11+12:00,45.5,-36.604767,174.802582
esp32_device_001,2025-07-05T18:28:16+12:00,45.4,-36.604725,174.802582
esp32_device_001,2025-07-05T18:28:21+12:00,44.2,-36.604691,174.802567
esp32_device_001,2025-07-05T18:28:26+12:00,43.6,-36.604679,174.802567
esp32_device_001,2025-07-05T18:28:31+12:00,42.8,-36.604652,174.802567
esp32_device_001,2025-07-05T18:28:36+12:00,43.6,-36.604633,174.802551
esp32_device_001,2025-07-05T18:28:41+12:00,44.1,-36.604664,174.802567
esp32_device_001,2025-07-05T18:28:46+12:00,44.4,-36.604687,174.802567
esp32_device_001,2025-07-05T18:28:51+12:00,43.9,-36.604706,174.802567
esp32_device_001,2025-07-05T18:28:56+12:00,43.4,-36.604713,174.802567
esp32_device_001,2025-07-05T18:29:01+12:00,43.6,-36.60471,174.802567
esp32_device_001,2025-07-05T18:29:06+12:00,43.3,-36.604725,174.802567
esp32_device_001,2025-07-05T18:29:11+12:00,43.3,-36.604717,174.802567
esp32_device_001,2025-07-05T18:29:16+12:00,43.8,-36.604675,174.802551
esp32_device_001,2025-07-05T18:29:21+12:00,44.4,-36.604649,174.802551
esp32_device_001,2025-07-05T18:29:26+12:00,44.8,-36.604668,174.802551
esp32_device_001,2025-07-05T18:29:31+12:00,44.9,-36.604599,174.802536
esp32_device_001,2025-07-05T18:29:36+12:00,45.2,-36.604767,174.802582
esp32_device_001,2025-07-05T18:29:41+12:00,45.4,-36.604771,174.802582
esp32_device_001,2025-07-05T18:29:46+12:00,45,-36.604774,174.802582
esp32_device_001,2025-07-05T18:29:51+12:00,45.6,-36.604778,174.802582
esp32_device_001,2025-07-05T18:29:56+12:00,47.2,-36.604774,174.802582
esp32_device_001,2025-07-05T18:30:01+12:00,47.7,-36.604774,174.802597
esp32_device_001,2025-07-05T18:30:06+12:00,47.9,-36.604778,174.802597
esp32_device_001,2025-07-05T18:30:11+12:00,47.8,-36.604778,174.802597
esp32_device_001,2025-07-05T18:30:16+12:00,48.3,-36.604778,174.802597
esp32_device_001,2025-07-05T18:30:21+12:00,48.8,-36.604778,174.802597
esp32_device_001,2025-07-05T18:30:26+12:00,48.6,-36.604782,174.802597
esp32_device_001,2025-07-05T18:30:31+12:00,48.5,-36.604782,174.802597
esp32_device_001,2025-07-05T18:30:36+12:00,48.5,-36.604786,174.802597
esp32_device_001,2025-07-05T18:30:41+12:00,48.1,-36.604786,174.802597
esp32_device_001,2025-07-05T18:30:46+12:00,48,-36.604786,174.802597
esp32_device_001,2025-07-05T18:30:51+12:00,47.5,-36.60479,174.802582
esp32_device_001,2025-07-05T18:30:56+12:00,47.4,-36.60479,174.802582
esp32_device_001,2025-07-05T18:31:01+12:00,47.2,-36.604794,174.802582
esp32_device_001,2025-07-05T18:31:06+12:00,47.1,-36.604794,174.802582
esp32_device_001,2025-07-05T18:31:11+12:00,46.9,-36.604794,174.802582
esp32_device_001,2025-07-05T18:31:16+12:00,46.7,-36.604794,174.802582
esp32_device_001,2025-07-05T18:31:21+12:00,46.6,-36.604794,174.802582
esp32_device_001,2025-07-05T18:31:26+12:00,46.7,-36.60479,174.802582
esp32_device_001,2025-07-05T18:31:31+12:00,46.9,-36.60479,174.802582
esp32_device_001,2025-07-05T18:31:36+12:00,47,-36.60479,174.802582
esp32_device_001,2025-07-05T18:31:41+12:00,47.1,-36.604786,174.802582
esp32_device_001,2025-07-05T18:31:46+12:00,47.1,-36.604786,174.802582
esp32_device_001,2025-07-05T18:31:51+12:00,47.3,-36.604782,174.802582
esp32_device_001,2025-07-05T18:31:56+12:00,47.6,-36.604782,174.802582
esp32_device_001,2025-07-05T18:32:01+12:00,47.5,-36.604782,174.802582
esp32_device_001,2025-07-05T18:32:06+12:00,47.6,-36.604782,174.802582
esp32_device_001,2025-07-05T18:32:11+12:00,47.4,-36.604782,174.802582
esp32_device_001,2025-07-05T18:32:16+12:00,47.7,-36.604778,174.802597
esp32_device_001,2025-07-05T18:32:21+12:00,47.9,-36.604778,174.802597
esp32_device_001,2025-07-05T18:32:26+12:00,47.5,-36.604778,174.802597
esp32_device_001,2025-07-05T18:32:31+12:00,46.7,-36.604782,174.802597
esp32_device_001,2025-07-05T18:32:36+12:00,46,-36.604782,174.802597
esp32_device_001,2025-07-05T18:32:41+12:00,45.2,-36.604786,174.802612
esp32_device_001,2025-07-05T18:32:46+12:00,45.1,-36.604786,174.802612
esp32_device_001,2025-07-05T18:32:51+12:00,45.1,-36.604782,174.802612
esp32_device_001,2025-07-05T18:32:56+12:00,45.1,-36.604782,174.802612
esp32_device_001,2025-07-05T18:33:01+12:00,45,-36.604782,174.802612
esp32_device_001,2025-07-05T18:33:06+12:00,45.2,-36.604782,174.802612
esp32_device_001,2025-07-05T18:33:11+12:00,45.7,-36.604778,174.802612
esp32_device_001,2025-07-05T18:33:16+12:00,45.7,-36.604774,174.802612
esp32_device_001,2025-07-05T18:33:21+12:00,46.5,-36.604771,174.802612
esp32_device_001,2025-07-05T18:33:26+12:00,46.5,-36.604767,174.802612
esp32_device_001,2025-07-05T18:33:31+12:00,46.5,-36.604767,174.802612
esp32_device_001,2025-07-05T18:33:36+12:00,46.5,-36.604771,174.802612
esp32_device_001,2025-07-05T18:33:39+12:00,46.5,-36.604774,174.802612
esp32_device_001,2025-07-05T18:33:44+12:00,46.5,-36.604778,174.802612
esp32_device_001,2025-07-05T18:33:49+12:00,46.2,-36.604782,174.802612
esp32_device_001,2025-07-05T18:33:54+12:00,46.2,-36.604782,174.802612
esp32_device_001,2025-07-05T18:33:59+12:00,46.1,-36.604782,174.802612
esp32_device_001,2025-07-05T18:34:04+12:00,46.1,-36.604786,174.802612
esp32_device_001,2025-07-05T18:34:09+12:00,46.1,-36.604786,174.802612
esp32_device_001,2025-07-05T18:34:14+12:00,46.1,-36.60479,174.802597
esp32_device_001,2025-07-05T18:34:19+12:00,46.1,-36.604794,174.802597
esp32_device_001,2025-07-05T18:34:24+12:00,46.1,-36.604797,174.802597
esp32_device_001,2025-07-05T18:34:29+12:00,46.1,-36.604797,174.802597
esp32_device_001,2025-07-05T18:34:34+12:00,46.1,-36.604797,174.802597
esp32_device_001,2025-07-05T18:34:39+12:00,46.1,-36.604797,174.802597
esp32_device_001,2025-07-05T18:34:44+12:00,46.1,-36.604801,174.802597
esp32_device_001,2025-07-05T18:34:49+12:00,46.1,-36.604797,174.802597
esp32_device_001,2025-07-05T18:34:54+12:00,46.1,-36.604794,174.802597
esp32_device_001,2025-07-05T18:34:59+12:00,46.1,-36.604794,174.802597
esp32_device_001,2025-07-05T18:35:04+12:00,46.1,-36.60479,174.802597
esp32_device_001,2025-07-05T18:35:09+12:00,46.1,-36.60479,174.802597
esp32_device_001,2025-07-05T18:35:14+12:00,46.1,-36.60479,174.802597
esp32_device_001,2025-07-05T18:35:19+12:00,46.1,-36.604786,174.802597
esp32_device_001,2025-07-05T18:35:24+12:00,46.1,-36.604782,174.802597
esp32_device_001,2025-07-05T18:35:29+12:00,46.1,-36.604782,174.802597
esp32_device_001,2025-07-05T18:35:34+12:00,46.1,-36.604782,174.802597
esp32_device_001,2025-07-05T18:35:39+12:00,46.1,-36.604786,174.802612
esp32_device_001,2025-07-05T18:35:44+12:00,51.4,-36.604786,174.802612
esp32_device_001,2025-07-05T18:35:49+12:00,50.9,-36.604786,174.802612
esp32_device_001,2025-07-05T18:35:54+12:00,50.4,-36.604786,174.802612
esp32_device_001,2025-07-05T18:35:59+12:00,50,-36.604786,174.802612
esp32_device_001,2025-07-05T18:36:04+12:00,49.7,-36.60479,174.802597
esp32_device_001,2025-07-05T18:36:09+12:00,50,-36.60479,174.802597
esp32_device_001,2025-07-05T18:36:14+12:00,49.8,-36.60479,174.802597
esp32_device_001,2025-07-05T18:36:19+12:00,50,-36.60479,174.802597
esp32_device_001,2025-07-05T18:36:24+12:00,50.5,-36.604794,174.802597
esp32_device_001,2025-07-05T18:36:29+12:00,51.1,-36.60479,174.802597
esp32_device_001,2025-07-05T18:36:34+12:00,51.6,-36.604794,174.802597
esp32_device_001,2025-07-05T18:36:39+12:00,51.3,-36.604794,174.802597
esp32_device_001,2025-07-05T18:36:44+12:00,51.2,-36.604794,174.802582
esp32_device_001,2025-07-05T18:36:49+12:00,51,-36.604794,174.802582
esp32_device_001,2025-07-05T18:36:54+12:00,51.1,-36.604794,174.802582
esp32_device_001,2025-07-05T18:36:59+12:00,50.8,-36.604797,174.802582
esp32_device_001,2025-07-05T18:37:04+12:00,50.1,-36.604801,174.802582
esp32_device_001,2025-07-05T18:37:09+12:00,50.1,-36.604805,174.802582
esp32_device_001,2025-07-05T18:37:14+12:00,50.3,-36.604805,174.802582
esp32_device_001,2025-07-05T18:37:19+12:00,50.5,-36.604805,174.802582
esp32_device_001,2025-07-05T18:37:24+12:00,50.6,-36.604801,174.802582
esp32_device_001,2025-07-05T18:37:29+12:00,50.4,-36.604801,174.802582
esp32_device_001,2025-07-05T18:37:34+12:00,50.3,-36.604801,174.802582
esp32_device_001,2025-07-05T18:37:39+12:00,50,-36.604805,174.802582
esp32_device_001,2025-07-05T18:37:44+12:00,49.8,-36.604805,174.802582
esp32_device_001,2025-07-05T18:37:49+12:00,49.5,-36.604809,174.802582
esp32_device_001,2025-07-05T18:39:09+12:00,47.5,-36.604801,174.802597
esp32_device_001,2025-07-05T18:39:14+12:00,47.5,-36.604801,174.802612
esp32_device_001,2025-07-05T18:39:19+12:00,47.5,-36.604805,174.802612
esp32_device_001,2025-07-05T18:39:24+12:00,47.5,-36.604801,174.802612
esp32_device_001,2025-07-05T18:39:29+12:00,47.5,-36.604797,174.802612
esp32_device_001,2025-07-05T18:39:34+12:00,47.5,-36.604797,174.802612
esp32_device_001,2025-07-05T18:39:39+12:00,47.5,-36.604797,174.802612
esp32_device_001,2025-07-05T18:39:44+12:00,47.5,-36.604797,174.802612
esp32_device_001,2025-07-05T18:39:49+12:00,47.5,-36.604797,174.802612
esp32_device_001,2025-07-05T18:39:54+12:00,47.5,-36.604801,174.802612
esp32_device_001,2025-07-05T18:39:59+12:00,47.5,-36.604805,174.802612
esp32_device_001,2025-07-05T18:40:04+12:00,47.5,-36.604813,174.802612
esp32_device_001,2025-07-05T18:40:09+12:00,47.5,-36.604816,174.802612
esp32_device_001,2025-07-05T18:40:14+12:00,47.5,-36.604816,174.802612
esp32_device_001,2025-07-05T18:40:19+12:00,47.5,-36.60482,174.802612
esp32_device_001,2025-07-05T18:40:24+12:00,47.5,-36.60482,174.802612
esp32_device_001,2025-07-05T18:40:29+12:00,47.5,-36.604824,174.802612
esp32_device_001,2025-07-05T18:40:34+12:00,47.5,-36.604824,174.802612
esp32_device_001,2025-07-05T18:40:39+12:00,47.5,-36.604824,174.802612
esp32_device_001,2025-07-05T18:40:44+12:00,47.5,-36.604824,174.802612
esp32_device_001,2025-07-05T18:40:49+12:00,47.5,-36.604824,174.802612
esp32_device_001,2025-07-05T18:40:54+12:00,47.5,-36.604824,174.802612
esp32_device_001,2025-07-05T18:40:59+12:00,47.5,-36.604824,174.802612
esp32_device_001,2025-07-05T18:41:04+12:00,47.5,-36.604824,174.802612
esp32_device_001,2025-07-05T18:41:09+12:00,47.5,-36.604816,174.802612
esp32_device_001,2025-07-05T18:41:14+12:00,47.5,-36.604813,174.802612
esp32_device_001,2025-07-05T18:41:19+12:00,47.5,-36.604813,174.802612
esp32_device_001,2025-07-05T18:41:24+12:00,47.5,-36.604809,174.802612
esp32_device_001,2025-07-05T18:41:29+12:00,47.5,-36.604809,174.802612
esp32_device_001,2025-07-05T18:41:34+12:00,47.5,-36.604805,174.802597
esp32_device_001,2025-07-05T18:41:39+12:00,47.5,-36.604809,174.802597
esp32_device_001,2025-07-05T18:41:44+12:00,47.5,-36.604813,174.802597
esp32_device_001,2025-07-05T18:41:49+12:00,47.5,-36.604816,174.802597
esp32_device_001,2025-07-05T18:41:54+12:00,47.5,-36.604816,174.802597
esp32_device_001,2025-07-05T18:41:59+12:00,47.5,-36.604816,174.802597
esp32_device_001,2025-07-05T18:42:04+12:00,47.5,-36.604816,174.802597
esp32_device_001,2025-07-05T18:42:09+12:00,47.5,-36.60482,174.802597
esp32_device_001,2025-07-05T18:42:14+12:00,47.5,-36.604824,174.802597
esp32_device_001,2025-07-05T18:42:19+12:00,47.5,-36.604828,174.802597
esp32_device_001,2025-07-05T18:42:24+12:00,47.5,-36.604828,174.802597
esp32_device_001,2025-07-05T18:42:29+12:00,47.5,-36.604828,174.802597
esp32_device_001,2025-07-05T18:42:34+12:00,47.3,-36.604828,174.802597
esp32_device_001,2025-07-05T18:42:39+12:00,47.5,-36.604828,174.802597
esp32_device_001,2025-07-05T18:42:44+12:00,47.4,-36.604828,174.802582
esp32_device_001,2025-07-05T18:42:49+12:00,47.8,-36.604824,174.802582
esp32_device_001,2025-07-05T18:42:54+12:00,48.1,-36.604824,174.802582
esp32_device_001,2025-07-05T18:42:59+12:00,48.3,-36.604824,174.802582
esp32_device_001,2025-07-05T18:43:04+12:00,49.4,-36.60482,174.802582
esp32_device_001,2025-07-05T18:43:09+12:00,50,-36.604816,174.802567
esp32_device_001,2025-07-05T18:43:14+12:00,50.8,-36.604809,174.802567
esp32_device_001,2025-07-05T18:43:19+12:00,51.7,-36.604805,174.802567
esp32_device_001,2025-07-05T18:43:24+12:00,52.4,-36.604797,174.802567
esp32_device_001,2025-07-05T18:43:29+12:00,52.6,-36.604797,174.802567
esp32_device_001,2025-07-05T18:43:34+12:00,53.2,-36.604797,174.802567
esp32_device_001,2025-07-05T18:43:39+12:00,53.8,-36.604794,174.802567
esp32_device_001,2025-07-05T18:43:44+12:00,53.7,-36.604794,174.802567
esp32_device_001,2025-07-05T18:43:49+12:00,53.9,-36.604794,174.802582
esp32_device_001,2025-07-05T18:43:54+12:00,54.2,-36.604794,174.802582
esp32_device_001,2025-07-05T18:43:59+12:00,55,-36.60479,174.802582
esp32_device_001,2025-07-05T18:44:04+12:00,55.5,-36.60479,174.802582
esp32_device_001,2025-07-05T18:44:09+12:00,55.4,-36.604794,174.802582
esp32_device_001,2025-07-05T18:44:14+12:00,55.2,-36.604794,174.802582
esp32_device_001,2025-07-05T18:44:19+12:00,54.8,-36.604797,174.802582
esp32_device_001,2025-07-05T18:44:24+12:00,54.3,-36.604797,174.802582
esp32_device_001,2025-07-05T18:44:29+12:00,53.5,-36.604801,174.802582
esp32_device_001,2025-07-05T18:44:34+12:00,52.9,-36.604809,174.802567
esp32_device_001,2025-07-05T18:44:39+12:00,53.2,-36.604813,174.802582
esp32_device_001,2025-07-05T18:44:44+12:00,53.5,-36.604813,174.802582
esp32_device_001,2025-07-05T18:44:49+12:00,53.8,-36.604816,174.802582
esp32_device_001,2025-07-05T18:44:54+12:00,53.7,-36.604816,174.802582
esp32_device_001,2025-07-05T18:44:59+12:00,53.6,-36.604816,174.802582
esp32_device_001,2025-07-05T18:45:04+12:00,53.5,-36.604816,174.802582
esp32_device_001,2025-07-05T18:45:09+12:00,53.3,-36.604816,174.802582
esp32_device_001,2025-07-05T18:45:14+12:00,53.1,-36.604813,174.802582
esp32_device_001,2025-07-05T18:45:19+12:00,53.1,-36.604816,174.802582
esp32_device_001,2025-07-05T18:45:24+12:00,53.1,-36.60482,174.802582
esp32_device_001,2025-07-05T18:45:29+12:00,52.7,-36.604824,174.802582
esp32_device_001,2025-07-05T18:45:34+12:00,52.2,-36.604828,174.802597
esp32_device_001,2025-07-05T18:45:39+12:00,51.8,-36.604832,174.802597
esp32_device_001,2025-07-05T18:45:44+12:00,51.2,-36.604832,174.802597
esp32_device_001,2025-07-05T18:45:49+12:00,50.8,-36.604836,174.802597
esp32_device_001,2025-07-05T18:45:54+12:00,50.3,-36.604839,174.802597
esp32_device_001,2025-07-05T18:45:59+12:00,50.3,-36.604843,174.802597
esp32_device_001,2025-07-05T18:46:04+12:00,50.1,-36.604843,174.802597
esp32_device_001,2025-07-05T18:46:09+12:00,50.2,-36.604843,174.802597
esp32_device_001,2025-07-05T18:46:14+12:00,49.6,-36.604843,174.802582
esp32_device_001,2025-07-05T18:46:19+12:00,49.8,-36.604839,174.802597
esp32_device_001,2025-07-05T18:46:24+12:00,49.1,-36.604839,174.802597
esp32_device_001,2025-07-05T18:46:29+12:00,48.6,-36.604843,174.802582
esp32_device_001,2025-07-05T18:46:34+12:00,48.1,-36.604847,174.802582
esp32_device_001,2025-07-05T18:46:39+12:00,48.8,-36.604847,174.802582
esp32_device_001,2025-07-05T18:46:44+12:00,49.1,-36.604839,174.802582
esp32_device_001,2025-07-05T18:46:49+12:00,49.6,-36.604836,174.802567
esp32_device_001,2025-07-05T18:46:54+12:00,49.8,-36.604832,174.802567
esp32_device_001,2025-07-05T18:46:59+12:00,49.9,-36.604832,174.802567
esp32_device_001,2025-07-05T18:47:04+12:00,50.2,-36.604836,174.802567
esp32_device_001,2025-07-05T18:47:09+12:00,50.5,-36.604832,174.802567
esp32_device_001,2025-07-05T18:47:14+12:00,51.5,-36.604832,174.802567
esp32_device_001,2025-07-05T18:47:19+12:00,52,-36.604824,174.802567
esp32_device_001,2025-07-05T18:47:24+12:00,53.2,-36.60482,174.802567
esp32_device_001,2025-07-05T18:47:29+12:00,53.6,-36.604816,174.802567
esp32_device_001,2025-07-05T18:47:34+12:00,54.3,-36.604813,174.802567
esp32_device_001,2025-07-05T18:47:39+12:00,54.4,-36.604813,174.802567
esp32_device_001,2025-07-05T18:47:44+12:00,54.2,-36.604813,174.802567
esp32_device_001,2025-07-05T18:47:49+12:00,55,-36.604809,174.802567
esp32_device_001,2025-07-05T18:47:54+12:00,55.7,-36.604809,174.802567
esp32_device_001,2025-07-05T18:47:59+12:00,57,-36.604801,174.802567
esp32_device_001,2025-07-05T18:48:04+12:00,58,-36.604801,174.802567
esp32_device_001,2025-07-05T18:48:09+12:00,57.8,-36.604797,174.802567
esp32_device_001,2025-07-05T18:48:14+12:00,57.1,-36.604801,174.802567
esp32_device_001,2025-07-05T18:48:19+12:00,56.5,-36.604801,174.802567
esp32_device_001,2025-07-05T18:48:24+12:00,56.2,-36.604801,174.802567
esp32_device_001,2025-07-05T18:48:29+12:00,56,-36.604801,174.802567
esp32_device_001,2025-07-05T18:48:34+12:00,56.2,-36.604797,174.802567
esp32_device_001,2025-07-05T18:48:39+12:00,55.9,-36.604797,174.802567
esp32_device_001,2025-07-05T18:48:44+12:00,55.6,-36.604797,174.802567
esp32_device_001,2025-07-05T18:48:49+12:00,55.7,-36.604794,174.802567
esp32_device_001,2025-07-05T18:48:54+12:00,56.1,-36.604794,174.802567
esp32_device_001,2025-07-05T18:48:59+12:00,56.1,-36.604794,174.802582
esp32_device_001,2025-07-05T18:49:17+12:00,55.8,-36.604797,174.802582
esp32_device_001,2025-07-05T18:49:22+12:00,55.9,-36.604797,174.802582
esp32_device_001,2025-07-05T18:49:27+12:00,56,-36.604801,174.802582
esp32_device_001,2025-07-05T18:49:32+12:00,55.8,-36.604801,174.802582
esp32_device_001,2025-07-05T18:49:37+12:00,55.7,-36.604801,174.802582
esp32_device_001,2025-07-05T18:49:42+12:00,55.1,-36.604801,174.802582
esp32_device_001,2025-07-05T18:49:47+12:00,54.7,-36.604805,174.802582
esp32_device_001,2025-07-05T18:49:52+12:00,54.1,-36.604805,174.802582
esp32_device_001,2025-07-05T18:49:57+12:00,53.4,-36.604805,174.802597
esp32_device_001,2025-07-05T18:50:02+12:00,53.1,-36.604809,174.802597
esp32_device_001,2025-07-05T18:50:07+12:00,52.8,-36.604813,174.802597
esp32_device_001,2025-07-05T18:50:12+12:00,52.2,-36.604813,174.802597
esp32_device_001,2025-07-05T18:50:17+12:00,51.7,-36.604816,174.802597
esp32_device_001,2025-07-05T18:50:22+12:00,51,-36.60482,174.802597
esp32_device_001,2025-07-05T18:50:27+12:00,50.3,-36.60482,174.802597
esp32_device_001,2025-07-05T18:50:32+12:00,49.6,-36.604824,174.802597
esp32_device_001,2025-07-05T18:50:37+12:00,49.4,-36.604824,174.802582
esp32_device_001,2025-07-05T18:50:42+12:00,49.1,-36.604824,174.802582
esp32_device_001,2025-07-05T18:50:47+12:00,49.1,-36.604832,174.802582
esp32_device_001,2025-07-05T18:50:52+12:00,49.1,-36.604836,174.802597
esp32_device_001,2025-07-05T18:50:57+12:00,48.9,-36.604843,174.802582
esp32_device_001,2025-07-05T18:51:02+12:00,47.8,-36.604843,174.802582
esp32_device_001,2025-07-05T18:51:07+12:00,47.1,-36.604839,174.802582
esp32_device_001,2025-07-05T18:51:12+12:00,46.4,-36.604839,174.802582
esp32_device_001,2025-07-05T18:51:17+12:00,46.5,-36.604843,174.802582
esp32_device_001,2025-07-05T18:51:22+12:00,46.3,-36.604843,174.802582
esp32_device_001,2025-07-05T18:51:27+12:00,46.4,-36.604843,174.802582
esp32_device_001,2025-07-05T18:51:32+12:00,46.5,-36.604843,174.802582
esp32_device_001,2025-07-05T18:51:37+12:00,46.1,-36.604843,174.802582
esp32_device_001,2025-07-05T18:51:42+12:00,45.9,-36.604847,174.802582
esp32_device_001,2025-07-05T18:51:47+12:00,46.1,-36.604847,174.802582
esp32_device_001,2025-07-05T18:51:52+12:00,46.4,-36.604847,174.802582
esp32_device_001,2025-07-05T18:51:57+12:00,46.7,-36.604851,174.802582
esp32_device_001,2025-07-05T18:52:02+12:00,47.1,-36.604855,174.802597
esp32_device_001,2025-07-05T18:52:07+12:00,47.7,-36.604855,174.802597
esp32_device_001,2025-07-05T18:52:12+12:00,47.9,-36.604858,174.802597
esp32_device_001,2025-07-05T18:52:17+12:00,48.1,-36.604858,174.802597
esp32_device_001,2025-07-05T18:52:22+12:00,48.4,-36.604855,174.802597
esp32_device_001,2025-07-05T18:52:27+12:00,49,-36.604855,174.802597
esp32_device_001,2025-07-05T18:52:32+12:00,48.9,-36.604858,174.802597
esp32_device_001,2025-07-05T18:52:37+12:00,49.3,-36.604858,174.802597
esp32_device_001,2025-07-05T18:52:42+12:00,49.8,-36.604858,174.802597
esp32_device_001,2025-07-05T18:52:47+12:00,50.2,-36.604855,174.802582
esp32_device_001,2025-07-05T18:52:52+12:00,50.1,-36.604858,174.802597
esp32_device_001,2025-07-05T18:52:57+12:00,50.3,-36.604858,174.802597
esp32_device_001,2025-07-05T18:53:02+12:00,50.4,-36.604858,174.802597
esp32_device_001,2025-07-05T18:53:07+12:00,50.7,-36.604858,174.802597
esp32_device_001,2025-07-05T18:53:12+12:00,50.7,-36.604862,174.802597
esp32_device_001,2025-07-05T18:53:17+12:00,50.8,-36.604862,174.802597
esp32_device_001,2025-07-05T18:53:22+12:00,51.1,-36.604862,174.802597
esp32_device_001,2025-07-05T18:53:27+12:00,51.2,-36.604862,174.802597
esp32_device_001,2025-07-05T18:53:32+12:00,51.6,-36.604858,174.802597
esp32_device_001,2025-07-05T18:53:37+12:00,51.7,-36.604858,174.802597
esp32_device_001,2025-07-05T18:53:42+12:00,52.2,-36.604858,174.802597
esp32_device_001,2025-07-05T18:53:47+12:00,52.3,-36.604855,174.802597
esp32_device_001,2025-07-05T18:53:52+12:00,52.7,-36.604855,174.802597
esp32_device_001,2025-07-05T18:53:57+12:00,53.2,-36.604855,174.802597
esp32_device_001,2025-07-05T18:54:02+12:00,53.6,-36.604851,174.802597
esp32_device_001,2025-07-05T18:54:07+12:00,54.6,-36.604847,174.802597
esp32_device_001,2025-07-05T18:54:12+12:00,54.9,-36.604847,174.802597
esp32_device_001,2025-07-05T18:54:17+12:00,54.9,-36.604851,174.802597
esp32_device_001,2025-07-05T18:54:22+12:00,55.2,-36.604847,174.802597
esp32_device_001,2025-07-05T18:54:27+12:00,55.5,-36.604847,174.802597
esp32_device_001,2025-07-05T18:54:32+12:00,55.5,-36.604843,174.802597
esp32_device_001,2025-07-05T18:54:37+12:00,55.3,-36.604839,174.802597
esp32_device_001,2025-07-05T18:54:42+12:00,55.1,-36.604832,174.802597
esp32_device_001,2025-07-05T18:54:47+12:00,55.1,-36.604828,174.802597
esp32_device_001,2025-07-05T18:54:52+12:00,54.8,-36.60482,174.802582
esp32_device_001,2025-07-05T18:54:57+12:00,54.5,-36.604816,174.802582
esp32_device_001,2025-07-05T18:55:02+12:00,54.7,-36.604816,174.802582
esp32_device_001,2025-07-05T18:55:07+12:00,54.9,-36.604816,174.802582
esp32_device_001,2025-07-05T18:55:12+12:00,55.2,-36.604816,174.802597
esp32_device_001,2025-07-05T18:55:17+12:00,54.8,-36.604824,174.802582
esp32_device_001,2025-07-05T18:55:22+12:00,54.6,-36.604824,174.802582
esp32_device_001,2025-07-05T18:55:27+12:00,54.5,-36.604828,174.802582
esp32_device_001,2025-07-05T18:55:32+12:00,54.4,-36.604832,174.802597
esp32_device_001,2025-07-05T18:55:37+12:00,54.1,-36.604832,174.802597
esp32_device_001,2025-07-05T18:55:42+12:00,54.2,-36.604836,174.802597
esp32_device_001,2025-07-05T18:55:47+12:00,53.8,-36.604836,174.802597
esp32_device_001,2025-07-05T18:55:52+12:00,53.8,-36.604836,174.802597
esp32_device_001,2025-07-05T18:55:57+12:00,53.5,-36.604836,174.802597
esp32_device_001,2025-07-05T18:56:02+12:00,52.9,-36.604832,174.802597
esp32_device_001,2025-07-05T18:56:07+12:00,52.3,-36.604828,174.802597
esp32_device_001,2025-07-05T18:56:12+12:00,52.4,-36.604828,174.802597
esp32_device_001,2025-07-05T18:56:17+12:00,52.3,-36.604828,174.802597
esp32_device_001,2025-07-05T18:56:22+12:00,52.2,-36.604824,174.802597
esp32_device_001,2025-07-05T18:56:27+12:00,52.3,-36.60482,174.802597
esp32_device_001,2025-07-05T18:56:32+12:00,52.3,-36.604809,174.802597
esp32_device_001,2025-07-05T18:56:37+12:00,51.9,-36.604809,174.802597
esp32_device_001,2025-07-05T18:56:42+12:00,51.3,-36.604813,174.802597
esp32_device_001,2025-07-05T18:56:47+12:00,50.9,-36.604816,174.802582
esp32_device_001,2025-07-05T18:56:52+12:00,50.8,-36.60482,174.802582
esp32_device_001,2025-07-05T18:56:57+12:00,50.8,-36.604816,174.802582
esp32_device_001,2025-07-05T18:57:02+12:00,50.6,-36.60482,174.802582
esp32_device_001,2025-07-05T18:57:07+12:00,50.5,-36.60482,174.802582
esp32_device_001,2025-07-05T18:57:12+12:00,50.8,-36.604816,174.802582
esp32_device_001,2025-07-05T18:57:17+12:00,50.7,-36.604816,174.802567
esp32_device_001,2025-07-05T18:57:22+12:00,51.3,-36.604813,174.802567
esp32_device_001,2025-07-05T18:57:27+12:00,52.2,-36.604813,174.802567
esp32_device_001,2025-07-05T18:57:32+12:00,52.8,-36.604801,174.802567
esp32_device_001,2025-07-05T18:57:37+12:00,52.1,-36.604797,174.802567
esp32_device_001,2025-07-05T18:57:42+12:00,51.4,-36.604801,174.802582
esp32_device_001,2025-07-05T18:57:47+12:00,50.7,-36.604786,174.802582
esp32_device_001,2025-07-05T18:57:52+12:00,51,-36.604782,174.802567
esp32_device_001,2025-07-05T18:57:57+12:00,51.6,-36.60479,174.802582
esp32_device_001,2025-07-05T18:58:02+12:00,52.3,-36.604794,174.802567
esp32_device_001,2025-07-05T18:58:07+12:00,53.5,-36.604801,174.802567
esp32_device_001,2025-07-05T18:58:12+12:00,54.6,-36.604801,174.802582
esp32_device_001,2025-07-05T18:58:17+12:00,54.9,-36.604797,174.802582
esp32_device_001,2025-07-05T18:58:22+12:00,54.8,-36.604805,174.802582
esp32_device_001,2025-07-05T18:58:27+12:00,54.3,-36.604805,174.802582
esp32_device_001,2025-07-05T18:58:32+12:00,53.1,-36.604809,174.802582
esp32_device_001,2025-07-05T18:58:37+12:00,52.9,-36.604809,174.802582
esp32_device_001,2025-07-05T18:58:42+12:00,52.6,-36.604813,174.802597
esp32_device_001,2025-07-05T18:58:47+12:00,52.9,-36.604816,174.802597
esp32_device_001,2025-07-05T18:58:52+12:00,53.2,-36.604816,174.802597
esp32_device_001,2025-07-05T18:58:57+12:00,52.9,-36.60482,174.802582
esp32_device_001,2025-07-05T18:59:02+12:00,52.8,-36.60482,174.802582
esp32_device_001,2025-07-05T18:59:07+12:00,52.7,-36.60482,174.802582
esp32_device_001,2025-07-05T18:59:27+12:00,51.4,-36.604824,174.802582
esp32_device_001,2025-07-05T18:59:32+12:00,50.8,-36.604824,174.802582
esp32_device_001,2025-07-05T18:59:37+12:00,50.4,-36.604824,174.802582
esp32_device_001,2025-07-05T18:59:42+12:00,49.9,-36.60482,174.802582
esp32_device_001,2025-07-05T18:59:47+12:00,49.6,-36.604824,174.802582
esp32_device_001,2025-07-05T18:59:52+12:00,49,-36.604824,174.802582
esp32_device_001,2025-07-05T18:59:57+12:00,49,-36.604824,174.802582
esp32_device_001,2025-07-05T19:00:02+12:00,48.8,-36.604828,174.802582
esp32_device_001,2025-07-05T19:00:07+12:00,48.9,-36.604828,174.802582
esp32_device_001,2025-07-05T19:00:12+12:00,48.8,-36.604832,174.802582
esp32_device_001,2025-07-05T19:00:17+12:00,49.4,-36.604832,174.802582
esp32_device_001,2025-07-05T19:00:22+12:00,49.6,-36.604828,174.802582
esp32_device_001,2025-07-05T19:00:27+12:00,49.9,-36.604824,174.802582
esp32_device_001,2025-07-05T19:00:32+12:00,50.1,-36.604824,174.802582
esp32_device_001,2025-07-05T19:00:37+12:00,50.1,-36.604824,174.802582
esp32_device_001,2025-07-05T19:00:42+12:00,50,-36.60482,174.802582
esp32_device_001,2025-07-05T19:00:47+12:00,50.7,-36.60482,174.802582
esp32_device_001,2025-07-05T19:00:52+12:00,50.3,-36.60482,174.802582
esp32_device_001,2025-07-05T19:00:57+12:00,50.6,-36.604824,174.802582
esp32_device_001,2025-07-05T19:01:02+12:00,50.6,-36.604824,174.802582
esp32_device_001,2025-07-05T19:01:07+12:00,50.3,-36.604824,174.802582
esp32_device_001,2025-07-05T19:01:12+12:00,49.8,-36.604828,174.802582
esp32_device_001,2025-07-05T19:01:17+12:00,50.3,-36.604813,174.802582
esp32_device_001,2025-07-05T19:01:22+12:00,50.7,-36.604805,174.802567
esp32_device_001,2025-07-05T19:01:27+12:00,52,-36.604797,174.802567
esp32_device_001,2025-07-05T19:01:32+12:00,53,-36.604797,174.802567
esp32_device_001,2025-07-05T19:01:37+12:00,53.5,-36.604801,174.802567
esp32_device_001,2025-07-05T19:01:42+12:00,54.7,-36.60479,174.802567
esp32_device_001,2025-07-05T19:01:47+12:00,55.1,-36.604786,174.802567
esp32_device_001,2025-07-05T19:01:52+12:00,55.7,-36.604778,174.802567
esp32_device_001,2025-07-05T19:01:57+12:00,56.1,-36.604774,174.802567
esp32_device_001,2025-07-05T19:02:02+12:00,56.4,-36.604774,174.802567
esp32_device_001,2025-07-05T19:02:07+12:00,57.4,-36.604771,174.802567
esp32_device_001,2025-07-05T19:02:12+12:00,58.3,-36.604771,174.802567
esp32_device_001,2025-07-05T19:02:17+12:00,58.7,-36.604771,174.802567
esp32_device_001,2025-07-05T19:02:22+12:00,58.8,-36.604771,174.802567
esp32_device_001,2025-07-05T19:02:27+12:00,59.7,-36.604771,174.802567
esp32_device_001,2025-07-05T19:02:32+12:00,60.8,-36.604767,174.802567
esp32_device_001,2025-07-05T19:02:37+12:00,62.3,-36.604759,174.802582
esp32_device_001,2025-07-05T19:02:42+12:00,62.9,-36.604755,174.802582
esp32_device_001,2025-07-05T19:02:47+12:00,62.9,-36.604755,174.802582
esp32_device_001,2025-07-05T19:02:52+12:00,63.2,-36.604759,174.802582
esp32_device_001,2025-07-05T19:02:57+12:00,62.6,-36.604763,174.802582
esp32_device_001,2025-07-05T19:03:02+12:00,61.8,-36.604771,174.802582
esp32_device_001,2025-07-05T19:03:07+12:00,61.6,-36.604771,174.802582
esp32_device_001,2025-07-05T19:03:12+12:00,62.1,-36.604771,174.802582
esp32_device_001,2025-07-05T19:03:17+12:00,61.9,-36.604774,174.802582
esp32_device_001,2025-07-05T19:03:22+12:00,61.6,-36.604782,174.802582
esp32_device_001,2025-07-05T19:03:27+12:00,61.4,-36.604786,174.802582
esp32_device_001,2025-07-05T19:03:32+12:00,60.2,-36.60479,174.802582
esp32_device_001,2025-07-05T19:03:37+12:00,59.1,-36.604797,174.802597
esp32_device_001,2025-07-05T19:03:42+12:00,58,-36.604801,174.802597
esp32_device_001,2025-07-05T19:03:47+12:00,57.2,-36.604809,174.802597
esp32_device_001,2025-07-05T19:03:52+12:00,57,-36.604813,174.802597
esp32_device_001,2025-07-05T19:03:57+12:00,56.3,-36.604813,174.802597
esp32_device_001,2025-07-05T19:04:02+12:00,55.3,-36.604816,174.802597
esp32_device_001,2025-07-05T19:04:07+12:00,54.2,-36.604816,174.802597
esp32_device_001,2025-07-05T19:04:12+12:00,53.1,-36.60482,174.802597
esp32_device_001,2025-07-05T19:04:17+12:00,52.4,-36.60482,174.802612
esp32_device_001,2025-07-05T19:04:22+12:00,51.7,-36.604816,174.802612
esp32_device_001,2025-07-05T19:04:27+12:00,51.6,-36.604813,174.802612
esp32_device_001,2025-07-05T19:04:32+12:00,50.9,-36.604816,174.802612
esp32_device_001,2025-07-05T19:04:37+12:00,50.4,-36.60482,174.802612
esp32_device_001,2025-07-05T19:04:42+12:00,50,-36.604824,174.802612
esp32_device_001,2025-07-05T19:04:47+12:00,50,-36.604828,174.802612
esp32_device_001,2025-07-05T19:04:52+12:00,49.9,-36.604828,174.802612
esp32_device_001,2025-07-05T19:04:57+12:00,49.5,-36.604832,174.802612
esp32_device_001,2025-07-05T19:05:02+12:00,49.7,-36.604832,174.802612
esp32_device_001,2025-07-05T19:05:07+12:00,49.2,-36.604836,174.802612
esp32_device_001,2025-07-05T19:05:12+12:00,49.4,-36.604836,174.802612
esp32_device_001,2025-07-05T19:05:17+12:00,49.9,-36.604836,174.802612
esp32_device_001,2025-07-05T19:05:22+12:00,50.2,-36.604836,174.802612
esp32_device_001,2025-07-05T19:05:27+12:00,50.5,-36.604836,174.802612
esp32_device_001,2025-07-05T19:05:32+12:00,50.8,-36.604836,174.802612
esp32_device_001,2025-07-05T19:05:37+12:00,51,-36.604832,174.802612
esp32_device_001,2025-07-05T19:05:42+12:00,50.8,-36.604828,174.802612
esp32_device_001,2025-07-05T19:05:47+12:00,50.9,-36.604828,174.802612
esp32_device_001,2025-07-05T19:05:52+12:00,50.9,-36.604824,174.802612
esp32_device_001,2025-07-05T19:05:57+12:00,51,-36.60482,174.802612
esp32_device_001,2025-07-05T19:06:02+12:00,51.2,-36.604816,174.802612
esp32_device_001,2025-07-05T19:06:07+12:00,51.7,-36.604816,174.802612
esp32_device_001,2025-07-05T19:06:12+12:00,51.7,-36.604816,174.802612
esp32_device_001,2025-07-05T19:06:17+12:00,52.4,-36.604816,174.802612
esp32_device_001,2025-07-05T19:06:22+12:00,52.5,-36.60482,174.802612
esp32_device_001,2025-07-05T19:06:27+12:00,52.6,-36.604828,174.802612
esp32_device_001,2025-07-05T19:06:32+12:00,52.2,-36.604836,174.802612
esp32_device_001,2025-07-05T19:06:37+12:00,52,-36.604836,174.802612
esp32_device_001,2025-07-05T19:06:42+12:00,51.6,-36.604839,174.802612
esp32_device_001,2025-07-05T19:06:47+12:00,50.6,-36.604839,174.802612
esp32_device_001,2025-07-05T19:06:52+12:00,50.3,-36.604839,174.802612
esp32_device_001,2025-07-05T19:06:57+12:00,50.7,-36.604839,174.802612
esp32_device_001,2025-07-05T19:07:02+12:00,51.5,-36.604839,174.802612
esp32_device_001,2025-07-05T19:07:07+12:00,52.7,-36.604832,174.802612
esp32_device_001,2025-07-05T19:07:12+12:00,53.6,-36.604828,174.802612
esp32_device_001,2025-07-05T19:07:17+12:00,53.9,-36.604832,174.802612
esp32_device_001,2025-07-05T19:07:22+12:00,54,-36.604828,174.802612
esp32_device_001,2025-07-05T19:07:27+12:00,54.8,-36.604816,174.802612
esp32_device_001,2025-07-05T19:07:32+12:00,55,-36.604813,174.802612
esp32_device_001,2025-07-05T19:07:37+12:00,54.9,-36.60482,174.802612
esp32_device_001,2025-07-05T19:07:42+12:00,54.5,-36.60482,174.802597
esp32_device_001,2025-07-05T19:07:47+12:00,53.7,-36.604824,174.802597
esp32_device_001,2025-07-05T19:07:52+12:00,54.4,-36.604824,174.802597
esp32_device_001,2025-07-05T19:07:57+12:00,54.7,-36.604824,174.802597
esp32_device_001,2025-07-05T19:08:02+12:00,55.3,-36.604824,174.802597
esp32_device_001,2025-07-05T19:08:07+12:00,55.6,-36.604824,174.802597
esp32_device_001,2025-07-05T19:08:12+12:00,56.6,-36.604824,174.802597
esp32_device_001,2025-07-05T19:08:17+12:00,57.5,-36.604824,174.802597
esp32_device_001,2025-07-05T19:08:22+12:00,57.6,-36.604824,174.802597
esp32_device_001,2025-07-05T19:08:27+12:00,57.9,-36.604824,174.802597
esp32_device_001,2025-07-05T19:08:32+12:00,58.1,-36.604824,174.802597
esp32_device_001,2025-07-05T19:08:37+12:00,57.9,-36.604824,174.802597
esp32_device_001,2025-07-05T19:08:42+12:00,57.7,-36.60482,174.802597
esp32_device_001,2025-07-05T19:08:47+12:00,56.2,-36.604824,174.802597
esp32_device_001,2025-07-05T19:08:52+12:00,54.7,-36.604828,174.802597
esp32_device_001,2025-07-05T19:08:57+12:00,53.6,-36.604828,174.802597
esp32_device_001,2025-07-05T19:09:02+12:00,52.8,-36.604832,174.802597
esp32_device_001,2025-07-05T19:09:07+12:00,53.1,-36.604832,174.802597
esp32_device_001,2025-07-05T19:09:12+12:00,52.9,-36.604836,174.802597
esp32_device_001,2025-07-05T19:09:17+12:00,53.5,-36.604839,174.802597
esp32_device_001,2025-07-05T19:09:35+12:00,54.2,-36.604836,174.802597
esp32_device_001,2025-07-05T19:09:40+12:00,54.4,-36.604832,174.802597
esp32_device_001,2025-07-05T19:09:45+12:00,55,-36.604832,174.802597
esp32_device_001,2025-07-05T19:09:50+12:00,55,-36.604832,174.802597
esp32_device_001,2025-07-05T19:09:55+12:00,55.8,-36.604839,174.802597
esp32_device_001,2025-07-05T19:10:00+12:00,56.3,-36.604847,174.802612
esp32_device_001,2025-07-05T19:10:05+12:00,57.5,-36.604855,174.802612
esp32_device_001,2025-07-05T19:10:10+12:00,58.4,-36.604858,174.802612
esp32_device_001,2025-07-05T19:10:15+12:00,59.4,-36.604851,174.802612
esp32_device_001,2025-07-05T19:10:20+12:00,60.7,-36.604855,174.802612
esp32_device_001,2025-07-05T19:10:25+12:00,61.9,-36.604862,174.802612
esp32_device_001,2025-07-05T19:10:30+12:00,62.7,-36.604855,174.802597
esp32_device_001,2025-07-05T19:10:35+12:00,63.7,-36.604847,174.802597
esp32_device_001,2025-07-05T19:10:40+12:00,64.7,-36.604843,174.802597
esp32_device_001,2025-07-05T19:10:45+12:00,65.3,-36.604832,174.802597
esp32_device_001,2025-07-05T19:10:50+12:00,65.2,-36.604828,174.802597
esp32_device_001,2025-07-05T19:10:55+12:00,65,-36.604824,174.802597
esp32_device_001,2025-07-05T19:11:00+12:00,65.3,-36.604828,174.802597
esp32_device_001,2025-07-05T19:11:05+12:00,64.6,-36.604832,174.802597
esp32_device_001,2025-07-05T19:11:10+12:00,64.1,-36.604832,174.802597
esp32_device_001,2025-07-05T19:11:15+12:00,63.4,-36.604832,174.802597
esp32_device_001,2025-07-05T19:11:20+12:00,62.4,-36.604832,174.802612
esp32_device_001,2025-07-05T19:11:25+12:00,61.6,-36.604832,174.802612
esp32_device_001,2025-07-05T19:11:30+12:00,61,-36.604832,174.802612
esp32_device_001,2025-07-05T19:11:35+12:00,59.7,-36.604828,174.802612
esp32_device_001,2025-07-05T19:11:40+12:00,58.5,-36.604828,174.802612
esp32_device_001,2025-07-05T19:11:45+12:00,56.9,-36.604824,174.802612
esp32_device_001,2025-07-05T19:11:50+12:00,55,-36.604824,174.802628
esp32_device_001,2025-07-05T19:11:55+12:00,53.7,-36.604828,174.802628
esp32_device_001,2025-07-05T19:12:00+12:00,53.2,-36.60482,174.802612
esp32_device_001,2025-07-05T19:12:05+12:00,52.1,-36.60482,174.802612
esp32_device_001,2025-07-05T19:12:10+12:00,51.7,-36.604824,174.802612
esp32_device_001,2025-07-05T19:12:15+12:00,51.6,-36.604836,174.802612
esp32_device_001,2025-07-05T19:12:20+12:00,52.1,-36.604839,174.802612
esp32_device_001,2025-07-05T19:12:25+12:00,52.5,-36.604855,174.802612
esp32_device_001,2025-07-05T19:12:30+12:00,52.2,-36.604866,174.802612
esp32_device_001,2025-07-05T19:12:35+12:00,51.7,-36.604874,174.802612
esp32_device_001,2025-07-05T19:12:40+12:00,51.7,-36.60487,174.802612
esp32_device_001,2025-07-05T19:12:45+12:00,52.6,-36.604877,174.802612
esp32_device_001,2025-07-05T19:12:50+12:00,52.8,-36.60487,174.802612
esp32_device_001,2025-07-05T19:12:55+12:00,53.3,-36.604877,174.802612
esp32_device_001,2025-07-05T19:13:00+12:00,54.2,-36.60487,174.802612
esp32_device_001,2025-07-05T19:13:05+12:00,55.2,-36.60487,174.802612
esp32_device_001,2025-07-05T19:13:10+12:00,56.8,-36.60487,174.802612
esp32_device_001,2025-07-05T19:13:15+12:00,57.7,-36.604862,174.802612
esp32_device_001,2025-07-05T19:13:20+12:00,59.6,-36.604839,174.802612
esp32_device_001,2025-07-05T19:13:25+12:00,60,-36.604836,174.802612
esp32_device_001,2025-07-05T19:13:30+12:00,60.4,-36.604832,174.802612
esp32_device_001,2025-07-05T19:13:35+12:00,60.6,-36.60482,174.802612
esp32_device_001,2025-07-05T19:13:40+12:00,60.3,-36.604809,174.802612
esp32_device_001,2025-07-05T19:13:45+12:00,59.1,-36.604816,174.802612
esp32_device_001,2025-07-05T19:13:50+12:00,58.4,-36.604813,174.802612
esp32_device_001,2025-07-05T19:13:55+12:00,57.6,-36.604809,174.802612
esp32_device_001,2025-07-05T19:14:00+12:00,57.6,-36.604801,174.802612
esp32_device_001,2025-07-05T19:14:05+12:00,57.7,-36.604797,174.802612
esp32_device_001,2025-07-05T19:14:10+12:00,57.3,-36.604805,174.802612
esp32_device_001,2025-07-05T19:14:15+12:00,57,-36.604813,174.802612
esp32_device_001,2025-07-05T19:14:20+12:00,56.4,-36.604816,174.802612
esp32_device_001,2025-07-05T19:14:25+12:00,55.6,-36.604813,174.802597
esp32_device_001,2025-07-05T19:14:30+12:00,54.8,-36.604813,174.802597
esp32_device_001,2025-07-05T19:14:35+12:00,53.7,-36.604816,174.802597
esp32_device_001,2025-07-05T19:14:40+12:00,53.4,-36.60482,174.802597
esp32_device_001,2025-07-05T19:14:45+12:00,52.8,-36.604824,174.802597
esp32_device_001,2025-07-05T19:14:50+12:00,52.1,-36.604824,174.802597
esp32_device_001,2025-07-05T19:14:55+12:00,51.8,-36.604824,174.802597
esp32_device_001,2025-07-05T19:15:00+12:00,51.9,-36.604828,174.802597
esp32_device_001,2025-07-05T19:15:05+12:00,52.4,-36.604824,174.802582
esp32_device_001,2025-07-05T19:15:10+12:00,53,-36.604824,174.802582
esp32_device_001,2025-07-05T19:15:15+12:00,53.7,-36.60482,174.802582
esp32_device_001,2025-07-05T19:15:20+12:00,54.5,-36.60482,174.802582
esp32_device_001,2025-07-05T19:15:25+12:00,54.7,-36.604816,174.802582
esp32_device_001,2025-07-05T19:15:30+12:00,55.1,-36.604813,174.802582
esp32_device_001,2025-07-05T19:15:35+12:00,55.6,-36.604813,174.802582
esp32_device_001,2025-07-05T19:15:40+12:00,57,-36.604809,174.802582
esp32_device_001,2025-07-05T19:15:45+12:00,57.2,-36.604813,174.802582
esp32_device_001,2025-07-05T19:15:50+12:00,57.3,-36.604813,174.802582
esp32_device_001,2025-07-05T19:15:55+12:00,57.2,-36.604813,174.802582
esp32_device_001,2025-07-05T19:16:00+12:00,56.3,-36.604816,174.802582
esp32_device_001,2025-07-05T19:16:05+12:00,55.6,-36.60482,174.802582
esp32_device_001,2025-07-05T19:16:10+12:00,55,-36.604824,174.802582
esp32_device_001,2025-07-05T19:16:15+12:00,55.3,-36.604828,174.802582
esp32_device_001,2025-07-05T19:16:20+12:00,55.3,-36.604828,174.802582
esp32_device_001,2025-07-05T19:16:25+12:00,55.7,-36.604828,174.802582
esp32_device_001,2025-07-05T19:16:30+12:00,55.4,-36.604832,174.802582
esp32_device_001,2025-07-05T19:16:35+12:00,55,-36.604836,174.802582
esp32_device_001,2025-07-05T19:16:40+12:00,54.5,-36.604836,174.802582
esp32_device_001,2025-07-05T19:16:45+12:00,54.8,-36.604832,174.802567
esp32_device_001,2025-07-05T19:16:50+12:00,55.2,-36.604832,174.802567
esp32_device_001,2025-07-05T19:16:55+12:00,55.5,-36.604832,174.802567
esp32_device_001,2025-07-05T19:17:00+12:00,56.4,-36.604828,174.802567
esp32_device_001,2025-07-05T19:17:05+12:00,56.6,-36.604828,174.802567
esp32_device_001,2025-07-05T19:17:10+12:00,57.6,-36.604824,174.802567
esp32_device_001,2025-07-05T19:17:15+12:00,58.3,-36.60482,174.802567
esp32_device_001,2025-07-05T19:17:20+12:00,58.4,-36.60482,174.802567
esp32_device_001,2025-07-05T19:17:25+12:00,58.7,-36.604824,174.802567
esp32_device_001,2025-07-05T19:17:30+12:00,59.4,-36.604824,174.802567
esp32_device_001,2025-07-05T19:17:35+12:00,60.6,-36.604824,174.802567
esp32_device_001,2025-07-05T19:17:40+12:00,60.4,-36.604824,174.802567
esp32_device_001,2025-07-05T19:17:45+12:00,60,-36.604824,174.802582
esp32_device_001,2025-07-05T19:17:50+12:00,58.7,-36.60482,174.802582
esp32_device_001,2025-07-05T19:17:55+12:00,57.6,-36.60482,174.802582
esp32_device_001,2025-07-05T19:18:00+12:00,57.1,-36.604816,174.802582
esp32_device_001,2025-07-05T19:18:05+12:00,57.5,-36.604816,174.802582
esp32_device_001,2025-07-05T19:18:10+12:00,57.7,-36.604813,174.802582
esp32_device_001,2025-07-05T19:18:15+12:00,58.3,-36.604809,174.802582
esp32_device_001,2025-07-05T19:18:20+12:00,59.8,-36.604805,174.802582
esp32_device_001,2025-07-05T19:18:25+12:00,59.9,-36.604805,174.802567
esp32_device_001,2025-07-05T19:18:30+12:00,60,-36.604805,174.802567
esp32_device_001,2025-07-05T19:18:35+12:00,59.7,-36.604805,174.802567
esp32_device_001,2025-07-05T19:18:40+12:00,58.9,-36.604809,174.802567
esp32_device_001,2025-07-05T19:18:45+12:00,58.6,-36.604813,174.802567
esp32_device_001,2025-07-05T19:18:50+12:00,58.7,-36.604816,174.802582
esp32_device_001,2025-07-05T19:18:55+12:00,59.9,-36.604816,174.802582
esp32_device_001,2025-07-05T19:19:00+12:00,60.3,-36.604816,174.802582
esp32_device_001,2025-07-05T19:19:05+12:00,60.5,-36.604816,174.802582
esp32_device_001,2025-07-05T19:19:10+12:00,60.7,-36.604813,174.802582
esp32_device_001,2025-07-05T19:19:15+12:00,59.9,-36.604816,174.802582
esp32_device_001,2025-07-05T19:19:20+12:00,58,-36.60482,174.802582
esp32_device_001,2025-07-05T19:19:25+12:00,56.9,-36.60482,174.802582
esp32_device_001,2025-07-05T19:19:44+12:00,55.2,-36.60482,174.802582
esp32_device_001,2025-07-05T19:19:49+12:00,55.6,-36.604816,174.802582
esp32_device_001,2025-07-05T19:19:54+12:00,55.6,-36.604816,174.802582
esp32_device_001,2025-07-05T19:19:59+12:00,55.8,-36.604816,174.802582
esp32_device_001,2025-07-05T19:20:04+12:00,55.8,-36.604816,174.802582
esp32_device_001,2025-07-05T19:20:09+12:00,54.9,-36.60482,174.802582
esp32_device_001,2025-07-05T19:20:14+12:00,54.4,-36.604816,174.802582
esp32_device_001,2025-07-05T19:20:19+12:00,53.8,-36.604809,174.802582
esp32_device_001,2025-07-05T19:20:24+12:00,52.4,-36.604813,174.802582
esp32_device_001,2025-07-05T19:20:29+12:00,52,-36.604809,174.802582
esp32_device_001,2025-07-05T19:20:34+12:00,52,-36.604801,174.802582
esp32_device_001,2025-07-05T19:20:39+12:00,51.9,-36.604805,174.802582
esp32_device_001,2025-07-05T19:20:44+12:00,50.8,-36.604828,174.802597
esp32_device_001,2025-07-05T19:20:49+12:00,50.8,-36.604828,174.802597
esp32_device_001,2025-07-05T19:20:54+12:00,48.3,-36.604858,174.802597
esp32_device_001,2025-07-05T19:20:59+12:00,46.3,-36.604889,174.802597
esp32_device_001,2025-07-05T19:21:04+12:00,45.7,-36.604893,174.802597
esp32_device_001,2025-07-05T19:21:09+12:00,45,-36.6049,174.802597
esp32_device_001,2025-07-05T19:21:14+12:00,42.9,-36.604935,174.802597
esp32_device_001,2025-07-05T19:21:19+12:00,42.5,-36.60495,174.802597
esp32_device_001,2025-07-05T19:21:24+12:00,41.2,-36.60498,174.802612
esp32_device_001,2025-07-05T19:21:29+12:00,42.5,-36.604969,174.802597
esp32_device_001,2025-07-05T19:21:34+12:00,45.7,-36.604935,174.802597
esp32_device_001,2025-07-05T19:21:39+12:00,47.2,-36.604919,174.802597
esp32_device_001,2025-07-05T19:21:44+12:00,48.3,-36.604904,174.802582
esp32_device_001,2025-07-05T19:21:49+12:00,49.2,-36.604889,174.802582
esp32_device_001,2025-07-05T19:21:54+12:00,49.7,-36.604877,174.802582
esp32_device_001,2025-07-05T19:21:59+12:00,50,-36.60487,174.802567
esp32_device_001,2025-07-05T19:22:04+12:00,50.2,-36.604862,174.802567
esp32_device_001,2025-07-05T19:22:09+12:00,49.9,-36.604851,174.802567
esp32_device_001,2025-07-05T19:22:14+12:00,49.5,-36.604847,174.802567
esp32_device_001,2025-07-05T19:22:19+12:00,48.5,-36.604843,174.802567
esp32_device_001,2025-07-05T19:22:24+12:00,48.1,-36.604839,174.802567
esp32_device_001,2025-07-05T19:22:29+12:00,46,-36.604843,174.802567
esp32_device_001,2025-07-05T19:22:34+12:00,43.5,-36.604843,174.802567
esp32_device_001,2025-07-05T19:22:39+12:00,42.4,-36.604847,174.802567
esp32_device_001,2025-07-05T19:22:44+12:00,42.4,-36.604843,174.802551
esp32_device_001,2025-07-05T19:22:49+12:00,43.7,-36.604839,174.802567
esp32_device_001,2025-07-05T19:22:54+12:00,43.4,-36.604839,174.802551
esp32_device_001,2025-07-05T19:22:59+12:00,44,-36.604839,174.802551
esp32_device_001,2025-07-05T19:23:04+12:00,45.4,-36.604836,174.802551
esp32_device_001,2025-07-05T19:23:09+12:00,46.8,-36.604836,174.802551
esp32_device_001,2025-07-05T19:23:14+12:00,48,-36.604839,174.802551
esp32_device_001,2025-07-05T19:23:19+12:00,48.4,-36.604843,174.802551
esp32_device_001,2025-07-05T19:23:24+12:00,48.8,-36.604843,174.802551
esp32_device_001,2025-07-05T19:23:29+12:00,49.9,-36.604843,174.802551
esp32_device_001,2025-07-05T19:23:34+12:00,50.5,-36.604847,174.802551
esp32_device_001,2025-07-05T19:23:39+12:00,51.3,-36.604847,174.802551
esp32_device_001,2025-07-05T19:23:44+12:00,50.5,-36.604855,174.802551
esp32_device_001,2025-07-05T19:23:49+12:00,50.3,-36.604858,174.802551
esp32_device_001,2025-07-05T19:23:54+12:00,50.6,-36.604858,174.802551
esp32_device_001,2025-07-05T19:23:59+12:00,50.8,-36.604862,174.802551
esp32_device_001,2025-07-05T19:24:04+12:00,51.4,-36.604862,174.802551
esp32_device_001,2025-07-05T19:24:09+12:00,51.5,-36.604862,174.802551
esp32_device_001,2025-07-05T19:24:14+12:00,51.1,-36.604866,174.802551
esp32_device_001,2025-07-05T19:24:19+12:00,50.6,-36.60487,174.802551
esp32_device_001,2025-07-05T19:24:24+12:00,50.3,-36.60487,174.802551
esp32_device_001,2025-07-05T19:24:29+12:00,50.3,-36.60487,174.802551
esp32_device_001,2025-07-05T19:24:34+12:00,49.3,-36.604874,174.802551
esp32_device_001,2025-07-05T19:24:39+12:00,49.1,-36.604877,174.802551
esp32_device_001,2025-07-05T19:24:44+12:00,48.8,-36.604877,174.802567
esp32_device_001,2025-07-05T19:24:49+12:00,48.5,-36.604874,174.802551
esp32_device_001,2025-07-05T19:24:54+12:00,49.1,-36.60487,174.802551
esp32_device_001,2025-07-05T19:24:59+12:00,48.8,-36.60487,174.802551
esp32_device_001,2025-07-05T19:25:04+12:00,48.3,-36.60487,174.802551
esp32_device_001,2025-07-05T19:25:09+12:00,47.1,-36.60487,174.802551
esp32_device_001,2025-07-05T19:25:14+12:00,45.5,-36.604877,174.802551
esp32_device_001,2025-07-05T19:25:19+12:00,44.6,-36.604885,174.802551
esp32_device_001,2025-07-05T19:25:24+12:00,42.6,-36.604889,174.802551
esp32_device_001,2025-07-05T19:25:29+12:00,39.6,-36.6049,174.802551
esp32_device_001,2025-07-05T19:25:34+12:00,38,-36.604908,174.802551
esp32_device_001,2025-07-05T19:25:39+12:00,36.1,-36.604919,174.802567
esp32_device_001,2025-07-05T19:25:44+12:00,35.8,-36.604923,174.802567
esp32_device_001,2025-07-05T19:25:49+12:00,36.3,-36.604919,174.802567
esp32_device_001,2025-07-05T19:25:54+12:00,38.2,-36.604912,174.802567
esp32_device_001,2025-07-05T19:25:59+12:00,40.3,-36.604904,174.802567
esp32_device_001,2025-07-05T19:26:04+12:00,41.9,-36.604893,174.802567
esp32_device_001,2025-07-05T19:26:09+12:00,42.3,-36.604889,174.802567
esp32_device_001,2025-07-05T19:26:14+12:00,41.9,-36.604889,174.802567
esp32_device_001,2025-07-05T19:26:19+12:00,43.3,-36.604877,174.802567
esp32_device_001,2025-07-05T19:26:24+12:00,44.5,-36.604866,174.802567
esp32_device_001,2025-07-05T19:26:29+12:00,44.4,-36.604862,174.802567
esp32_device_001,2025-07-05T19:26:34+12:00,45.9,-36.604855,174.802567
esp32_device_001,2025-07-05T19:26:39+12:00,47.4,-36.604847,174.802567
esp32_device_001,2025-07-05T19:26:44+12:00,49,-36.604839,174.802567
esp32_device_001,2025-07-05T19:26:49+12:00,49.9,-36.604836,174.802551
esp32_device_001,2025-07-05T19:26:54+12:00,51.2,-36.604828,174.802551
esp32_device_001,2025-07-05T19:26:59+12:00,51,-36.604828,174.802567
esp32_device_001,2025-07-05T19:27:04+12:00,51.3,-36.604824,174.802567
esp32_device_001,2025-07-05T19:27:09+12:00,50.7,-36.604824,174.802567
esp32_device_001,2025-07-05T19:27:14+12:00,50.1,-36.604824,174.802567
esp32_device_001,2025-07-05T19:27:19+12:00,49.6,-36.604828,174.802567
esp32_device_001,2025-07-05T19:27:24+12:00,48.7,-36.604828,174.802582
esp32_device_001,2025-07-05T19:27:29+12:00,48.1,-36.604828,174.802582
esp32_device_001,2025-07-05T19:27:34+12:00,48,-36.604828,174.802582
esp32_device_001,2025-07-05T19:27:39+12:00,48,-36.604828,174.802582
esp32_device_001,2025-07-05T19:27:44+12:00,48.4,-36.604828,174.802582
esp32_device_001,2025-07-05T19:27:49+12:00,48.6,-36.604824,174.802582
esp32_device_001,2025-07-05T19:27:54+12:00,48.7,-36.60482,174.802582
esp32_device_001,2025-07-05T19:27:59+12:00,48.4,-36.60482,174.802582
esp32_device_001,2025-07-05T19:28:04+12:00,48.8,-36.604816,174.802582
esp32_device_001,2025-07-05T19:28:09+12:00,49,-36.604816,174.802582
esp32_device_001,2025-07-05T19:28:14+12:00,49.1,-36.604813,174.802582
esp32_device_001,2025-07-05T19:28:19+12:00,49.5,-36.604809,174.802582
esp32_device_001,2025-07-05T19:28:24+12:00,49.9,-36.604809,174.802582
esp32_device_001,2025-07-05T19:28:29+12:00,50.3,-36.604805,174.802582
esp32_device_001,2025-07-05T19:28:34+12:00,51.1,-36.604801,174.802582
esp32_device_001,2025-07-05T19:28:39+12:00,52.5,-36.604797,174.802582
esp32_device_001,2025-07-05T19:28:44+12:00,53.1,-36.604794,174.802582
esp32_device_001,2025-07-05T19:28:49+12:00,54.4,-36.60479,174.802597
esp32_device_001,2025-07-05T19:28:54+12:00,55.5,-36.604786,174.802597
esp32_device_001,2025-07-05T19:28:59+12:00,56,-36.604786,174.802597
esp32_device_001,2025-07-05T19:29:04+12:00,55.5,-36.604794,174.802597
esp32_device_001,2025-07-05T19:29:09+12:00,54.9,-36.604801,174.802597
esp32_device_001,2025-07-05T19:29:14+12:00,54.7,-36.604809,174.802582
esp32_device_001,2025-07-05T19:29:19+12:00,54.4,-36.604816,174.802582
esp32_device_001,2025-07-05T19:29:24+12:00,54.5,-36.604816,174.802582
esp32_device_001,2025-07-05T19:29:29+12:00,54.4,-36.604824,174.802582
esp32_device_001,2025-07-05T19:29:34+12:00,53.9,-36.604828,174.802582
esp32_device_001,2025-07-05T19:29:52+12:00,54.3,-36.604828,174.802582
esp32_device_001,2025-07-05T19:29:57+12:00,53.9,-36.604824,174.802582
esp32_device_001,2025-07-05T19:30:02+12:00,54.4,-36.60482,174.802582
esp32_device_001,2025-07-05T19:30:07+12:00,54.7,-36.604813,174.802582
esp32_device_001,2025-07-05T19:30:12+12:00,54.8,-36.604809,174.802582
esp32_device_001,2025-07-05T19:30:17+12:00,54.9,-36.604805,174.802582
esp32_device_001,2025-07-05T19:30:22+12:00,55.4,-36.604801,174.802582
esp32_device_001,2025-07-05T19:30:27+12:00,55.5,-36.604801,174.802582
esp32_device_001,2025-07-05T19:30:32+12:00,54.5,-36.604805,174.802582
esp32_device_001,2025-07-05T19:30:37+12:00,52.6,-36.604816,174.802582
esp32_device_001,2025-07-05T19:30:42+12:00,51.8,-36.60482,174.802567
esp32_device_001,2025-07-05T19:30:47+12:00,50.7,-36.604832,174.802551
esp32_device_001,2025-07-05T19:30:52+12:00,50.2,-36.604839,174.802536
esp32_device_001,2025-07-05T19:30:57+12:00,49.7,-36.604843,174.802536
esp32_device_001,2025-07-05T19:31:02+12:00,48.4,-36.604851,174.802521
esp32_device_001,2025-07-05T19:31:07+12:00,47.2,-36.604858,174.802505
esp32_device_001,2025-07-05T19:31:12+12:00,46.1,-36.604866,174.80249
esp32_device_001,2025-07-05T19:31:17+12:00,46.2,-36.604866,174.80249
esp32_device_001,2025-07-05T19:31:22+12:00,46.7,-36.604866,174.80249
esp32_device_001,2025-07-05T19:31:27+12:00,47.3,-36.604866,174.802475
esp32_device_001,2025-07-05T19:31:32+12:00,48.1,-36.604862,174.802475
esp32_device_001,2025-07-05T19:31:37+12:00,51.9,-36.604843,174.802505
esp32_device_001,2025-07-05T19:31:42+12:00,54.9,-36.604828,174.802505
esp32_device_001,2025-07-05T19:31:47+12:00,56.7,-36.604824,174.802505
esp32_device_001,2025-07-05T19:31:52+12:00,58.6,-36.604813,174.802521
esp32_device_001,2025-07-05T19:31:57+12:00,60.2,-36.604805,174.802521
esp32_device_001,2025-07-05T19:32:02+12:00,61.7,-36.604801,174.802521
esp32_device_001,2025-07-05T19:32:07+12:00,61.9,-36.604801,174.802536
esp32_device_001,2025-07-05T19:32:12+12:00,61.9,-36.604805,174.802536
esp32_device_001,2025-07-05T19:32:17+12:00,61.6,-36.604805,174.802536
esp32_device_001,2025-07-05T19:32:22+12:00,60.4,-36.604813,174.802536
esp32_device_001,2025-07-05T19:32:27+12:00,59.3,-36.60482,174.802536
esp32_device_001,2025-07-05T19:32:32+12:00,58.9,-36.604824,174.802536
esp32_device_001,2025-07-05T19:32:37+12:00,59,-36.60482,174.802536
esp32_device_001,2025-07-05T19:32:42+12:00,60,-36.604816,174.802536
esp32_device_001,2025-07-05T19:32:47+12:00,60.2,-36.604813,174.802536
esp32_device_001,2025-07-05T19:32:52+12:00,61,-36.604805,174.802551
esp32_device_001,2025-07-05T19:32:57+12:00,60.3,-36.604801,174.802551
esp32_device_001,2025-07-05T19:33:02+12:00,60.7,-36.604794,174.802551
esp32_device_001,2025-07-05T19:33:07+12:00,61.2,-36.604786,174.802551
esp32_device_001,2025-07-05T19:33:12+12:00,60.6,-36.604786,174.802551
esp32_device_001,2025-07-05T19:33:17+12:00,60.3,-36.604786,174.802551
esp32_device_001,2025-07-05T19:33:22+12:00,58.4,-36.604794,174.802551
esp32_device_001,2025-07-05T19:33:27+12:00,55.9,-36.604801,174.802551
esp32_device_001,2025-07-05T19:33:32+12:00,53.8,-36.604813,174.802551
esp32_device_001,2025-07-05T19:33:37+12:00,51.6,-36.60482,174.802551
esp32_device_001,2025-07-05T19:33:42+12:00,50.3,-36.604828,174.802551
esp32_device_001,2025-07-05T19:33:47+12:00,49,-36.604832,174.802536
esp32_device_001,2025-07-05T19:33:52+12:00,48.1,-36.604836,174.802536
esp32_device_001,2025-07-05T19:33:57+12:00,47.5,-36.604836,174.802536
esp32_device_001,2025-07-05T19:34:02+12:00,47.6,-36.604832,174.802536
esp32_device_001,2025-07-05T19:34:07+12:00,47.9,-36.604828,174.802536
esp32_device_001,2025-07-05T19:34:12+12:00,48,-36.604828,174.802551
esp32_device_001,2025-07-05T19:34:17+12:00,49.6,-36.60482,174.802551
esp32_device_001,2025-07-05T19:34:22+12:00,50.5,-36.604813,174.802567
esp32_device_001,2025-07-05T19:34:27+12:00,50.1,-36.604816,174.802567
esp32_device_001,2025-07-05T19:34:32+12:00,51.2,-36.604809,174.802567
esp32_device_001,2025-07-05T19:34:37+12:00,52.2,-36.604805,174.802567
esp32_device_001,2025-07-05T19:34:42+12:00,53.7,-36.604801,174.802582
esp32_device_001,2025-07-05T19:34:47+12:00,55,-36.604797,174.802582
esp32_device_001,2025-07-05T19:34:52+12:00,55.8,-36.604797,174.802582
esp32_device_001,2025-07-05T19:34:57+12:00,56.3,-36.604801,174.802582
esp32_device_001,2025-07-05T19:35:02+12:00,56.5,-36.604805,174.802582
esp32_device_001,2025-07-05T19:35:07+12:00,56.1,-36.604813,174.802582
esp32_device_001,2025-07-05T19:35:12+12:00,55.9,-36.604816,174.802582
esp32_device_001,2025-07-05T19:35:17+12:00,55.9,-36.60482,174.802582
esp32_device_001,2025-07-05T19:35:22+12:00,56.1,-36.604824,174.802582
esp32_device_001,2025-07-05T19:35:27+12:00,55.9,-36.604824,174.802582
esp32_device_001,2025-07-05T19:35:32+12:00,56.2,-36.604824,174.802567
esp32_device_001,2025-07-05T19:35:37+12:00,56.9,-36.604824,174.802567
esp32_device_001,2025-07-05T19:35:42+12:00,57,-36.604828,174.802567
esp32_device_001,2025-07-05T19:35:47+12:00,56.9,-36.604828,174.802567
esp32_device_001,2025-07-05T19:35:52+12:00,56.8,-36.604832,174.802567
esp32_device_001,2025-07-05T19:35:57+12:00,56.9,-36.604832,174.802567
esp32_device_001,2025-07-05T19:36:02+12:00,57.1,-36.604832,174.802567
esp32_device_001,2025-07-05T19:36:07+12:00,57.4,-36.604832,174.802567
esp32_device_001,2025-07-05T19:36:12+12:00,57.4,-36.604832,174.802567
esp32_device_001,2025-07-05T19:36:17+12:00,57.3,-36.604832,174.802567
esp32_device_001,2025-07-05T19:36:22+12:00,57.6,-36.604832,174.802567
esp32_device_001,2025-07-05T19:36:27+12:00,57.5,-36.604828,174.802582
esp32_device_001,2025-07-05T19:36:32+12:00,57.4,-36.604832,174.802582
esp32_device_001,2025-07-05T19:36:37+12:00,57.6,-36.604828,174.802582
esp32_device_001,2025-07-05T19:36:42+12:00,57,-36.604828,174.802582
esp32_device_001,2025-07-05T19:36:47+12:00,56.5,-36.604824,174.802582
esp32_device_001,2025-07-05T19:36:52+12:00,55.9,-36.60482,174.802582
esp32_device_001,2025-07-05T19:36:57+12:00,55.6,-36.604816,174.802582
esp32_device_001,2025-07-05T19:37:02+12:00,55.3,-36.604816,174.802582
esp32_device_001,2025-07-05T19:37:07+12:00,55.2,-36.604809,174.802582
esp32_device_001,2025-07-05T19:37:12+12:00,55.5,-36.604805,174.802582
esp32_device_001,2025-07-05T19:37:17+12:00,56.1,-36.604797,174.802582
esp32_device_001,2025-07-05T19:37:22+12:00,56.4,-36.604794,174.802582
esp32_device_001,2025-07-05T19:37:27+12:00,56.6,-36.604794,174.802582
esp32_device_001,2025-07-05T19:37:32+12:00,56.3,-36.604794,174.802582
esp32_device_001,2025-07-05T19:37:37+12:00,55.9,-36.604794,174.802582
esp32_device_001,2025-07-05T19:37:42+12:00,56.1,-36.60479,174.802582
esp32_device_001,2025-07-05T19:37:47+12:00,56.1,-36.60479,174.802582
esp32_device_001,2025-07-05T19:37:52+12:00,55.6,-36.604794,174.802582
esp32_device_001,2025-07-05T19:37:57+12:00,55.4,-36.604794,174.802582
esp32_device_001,2025-07-05T19:38:02+12:00,55.4,-36.604794,174.802567
esp32_device_001,2025-07-05T19:38:07+12:00,55.5,-36.604797,174.802567
esp32_device_001,2025-07-05T19:38:12+12:00,55.3,-36.604801,174.802567
esp32_device_001,2025-07-05T19:38:17+12:00,55.1,-36.604801,174.802567
esp32_device_001,2025-07-05T19:38:22+12:00,54.8,-36.604805,174.802551
esp32_device_001,2025-07-05T19:38:27+12:00,55.1,-36.604805,174.802551
esp32_device_001,2025-07-05T19:38:32+12:00,55.1,-36.604801,174.802551
esp32_device_001,2025-07-05T19:38:37+12:00,56,-36.604794,174.802551
esp32_device_001,2025-07-05T19:38:42+12:00,55.4,-36.604794,174.802551
esp32_device_001,2025-07-05T19:38:47+12:00,54,-36.604801,174.802551
esp32_device_001,2025-07-05T19:38:52+12:00,52.2,-36.604805,174.802551
esp32_device_001,2025-07-05T19:38:57+12:00,50.5,-36.604809,174.802551
esp32_device_001,2025-07-05T19:39:02+12:00,49.7,-36.604813,174.802551
esp32_device_001,2025-07-05T19:39:07+12:00,49.3,-36.604813,174.802551
esp32_device_001,2025-07-05T19:39:12+12:00,49.2,-36.604813,174.802551
esp32_device_001,2025-07-05T19:39:17+12:00,49.2,-36.604813,174.802551
esp32_device_001,2025-07-05T19:39:22+12:00,48.6,-36.604816,174.802551
esp32_device_001,2025-07-05T19:39:27+12:00,48,-36.60482,174.802551
esp32_device_001,2025-07-05T19:39:32+12:00,47.4,-36.604828,174.802551
esp32_device_001,2025-07-05T19:39:37+12:00,47.6,-36.604828,174.802551
esp32_device_001,2025-07-05T19:39:42+12:00,48,-36.604828,174.802551
esp32_device_001,2025-07-05T19:40:07+12:00,52,-36.604824,174.802567
esp32_device_001,2025-07-05T19:40:12+12:00,52.6,-36.604824,174.802567
esp32_device_001,2025-07-05T19:40:17+12:00,52.8,-36.604824,174.802567
esp32_device_001,2025-07-05T19:40:22+12:00,52.6,-36.60482,174.802567
esp32_device_001,2025-07-05T19:40:27+12:00,52.3,-36.60482,174.802567
esp32_device_001,2025-07-05T19:40:32+12:00,52.3,-36.60482,174.802551
esp32_device_001,2025-07-05T19:40:37+12:00,52.3,-36.60482,174.802551
esp32_device_001,2025-07-05T19:40:42+12:00,52.7,-36.604816,174.802551
esp32_device_001,2025-07-05T19:40:47+12:00,52.8,-36.604813,174.802551
esp32_device_001,2025-07-05T19:40:52+12:00,52.6,-36.604813,174.802551
esp32_device_001,2025-07-05T19:40:57+12:00,52.2,-36.604813,174.802551
esp32_device_001,2025-07-05T19:41:02+12:00,52.2,-36.604813,174.802551
esp32_device_001,2025-07-05T19:41:07+12:00,52.8,-36.604809,174.802567
esp32_device_001,2025-07-05T19:41:12+12:00,52.9,-36.604809,174.802567
esp32_device_001,2025-07-05T19:41:17+12:00,53.8,-36.604809,174.802551
esp32_device_001,2025-07-05T19:41:22+12:00,54.5,-36.604813,174.802551
esp32_device_001,2025-07-05T19:41:27+12:00,55.5,-36.604813,174.802551
esp32_device_001,2025-07-05T19:41:32+12:00,55.9,-36.604813,174.802551
esp32_device_001,2025-07-05T19:41:37+12:00,56,-36.604813,174.802551
esp32_device_001,2025-07-05T19:41:42+12:00,56.9,-36.604816,174.802551
esp32_device_001,2025-07-05T19:41:47+12:00,57.3,-36.604816,174.802551
esp32_device_001,2025-07-05T19:41:52+12:00,57,-36.604816,174.802551
esp32_device_001,2025-07-05T19:41:57+12:00,56.4,-36.60482,174.802551
esp32_device_001,2025-07-05T19:42:02+12:00,55.4,-36.60482,174.802551
esp32_device_001,2025-07-05T19:42:07+12:00,55.4,-36.60482,174.802536
